﻿trials_7.thisRepN,trials_7.thisTrialN,trials_7.thisN,trials_7.thisIndex,trials.thisRepN,trials.thisTrialN,trials.thisN,trials.thisIndex,trials_4.thisRepN,trials_4.thisTrialN,trials_4.thisN,trials_4.thisIndex,N_test,trials_3.thisRepN,trials_3.thisTrialN,trials_3.thisN,trials_3.thisIndex,text_3.started,text_3.stopped,fixation_start.started,fixation_start.stopped,firstPort.started,firstPort.stopped,trialCount,itemPresented,trialType,fixation.started,fixation.stopped,letter_0back.started,letter_0back.stopped,key_resp_5.keys,key_resp_5.corr,key_resp_5.rt,key_resp_5.started,key_resp_5.stopped,stimPort.started,stimPort.stopped,fixationPort.started,fixationPort.stopped,text_7.started,text_7.stopped,key_resp_11.keys,key_resp_11.rt,key_resp_11.started,key_resp_11.stopped,expInstructions.started,expInstructions.stopped,participant,session,date,expName,psychopyVersion,frameRate,
0,0,0,0,0,0,0,0,,,,,,,,,,10.717005799990147,None,11.450924500124529,None,0.012091980082914233,0.02478978014551103,0,T,0,13.950367799960077,None,13.451250900048763,13.950367799960077,period,1,0.3905664999037981,13.451250900048763,None,0.012057680170983076,0.04043738008476794,0.5073780801612884,0.5404829801991582,,,,,,,,,1,1,2021_May_27_1206,nBack_exp_v2,2020.2.5,60.02346917347377,
0,0,0,0,,,,,,,,,,,,,,,,,,,,,,,,,,,,,,,,,,,,,,,,,,,,1,1,2021_May_27_1206,nBack_exp_v2,2020.2.5,60.02346917347377,
,,,,,,,,,,,,,,,,,,,,,,,,,,,,,,,,,,,,,,,15.950466300128028,None,space,0.6831403998658061,15.950466300128028,None,,,1,1,2021_May_27_1206,nBack_exp_v2,2020.2.5,60.02346917347377,
,,,,,,,,,,,,,,,,,,,17.300946400035173,None,0.012139879865571856,0.024945679819211364,1,T,1,,,,,,,,,,,,,,,,,,,,16.7005600000266,None,,,,,,,
