﻿N_test,trials_7.thisRepN,trials_7.thisTrialN,trials_7.thisN,trials_7.thisIndex,trials.thisRepN,trials.thisTrialN,trials.thisN,trials.thisIndex,trials_4.thisRepN,trials_4.thisTrialN,trials_4.thisN,trials_4.thisIndex,trials_3.thisRepN,trials_3.thisTrialN,trials_3.thisN,trials_3.thisIndex,text_3.started,text_3.stopped,fixation_start.started,fixation_start.stopped,firstPort.started,firstPort.stopped,trialCount,itemPresented,trialType,fixation.started,fixation.stopped,letter_0back.started,letter_0back.stopped,key_resp_5.keys,key_resp_5.corr,key_resp_5.started,key_resp_5.stopped,stimPort.started,stimPort.stopped,fixationPort.started,fixationPort.stopped,text_7.started,text_7.stopped,key_resp_11.keys,key_resp_11.rt,key_resp_11.started,key_resp_11.stopped,expInstructions.started,expInstructions.stopped,letter.started,letter.stopped,key_resp_2.keys,key_resp_2.corr,key_resp_2.rt,key_resp_2.started,key_resp_2.stopped,stimPortn.started,stimPortn.stopped,text_6.started,text_6.stopped,fixationPortn.started,fixationPortn.stopped,participant,session,date,expName,psychopyVersion,frameRate,
,0,0,0,0,0,0,0,0,,,,,,,,,7.4598709999118,None,8.593747999984771,None,0.012127529829740524,0.024420629953965545,0,N,0,11.077296699862927,13.077133599901572,10.59384429990314,11.094089199788868,None,0,10.59384429990314,None,0.010525829857215285,0.038061529863625765,0.5047177297528833,0.53785902983509,,,,,,,,,,,,,,,,,,,,,,1,1,2021_May_27_1208,nBack_exp_v2,2020.2.5,59.92182596261079,
,0,0,0,0,,,,,,,,,,,,,,,,,,,,,,,,,,,,,,,,,,,,,,,,,,,,,,,,,,,,,,,1,1,2021_May_27_1208,nBack_exp_v2,2020.2.5,59.92182596261079,
,,,,,,,,,,,,,,,,,,,,,,,,,,,,,,,,,,,,,,13.094036599854007,None,space,1.3288706000894308,13.094036599854007,None,,,,,,,,,,,,,,,,1,1,2021_May_27_1208,nBack_exp_v2,2020.2.5,59.92182596261079,
1,,,,,,,,,0,0,0,0,0,0,0,0,,,16.194111399818212,None,0.01195143023505807,0.02447123033925891,1,N,1,,,,,,,,,,,,,,,,,,,14.494775199797004,None,18.194046099903062,18.69411289994605,period,0,2.524948799982667,18.194046099903062,28.194164599990472,0.01208112994208932,0.040481129894033074,18.677420399850234,None,0.50761922984384,0.5405547299887985,1,1,2021_May_27_1208,nBack_exp_v2,2020.2.5,59.92182596261079,
1,,,,,,,,,0,0,0,0,1,0,1,0,,,,,,,2,P,0,,,,,,,,,,,,,,,,,,,,,28.677485499996692,29.17742139985785,period,1,8.697399399941787,28.677485499996692,38.677093999926,0.010962430154904723,0.03829093021340668,29.160369699820876,28.677485499996692,0.5049726301804185,0.5389355302322656,1,1,2021_May_27_1208,nBack_exp_v2,2020.2.5,59.92182596261079,
,,,,,,,,,,,,,,,,,,,,,,,3,F,0,,,,,,,,,,,,,,,,,,,,,,,,,,,,,,,,,,,,,,,,
