﻿N_prac,trials_3.thisRepN,trials_3.thisTrialN,trials_3.thisN,trials_3.thisIndex,trials.thisRepN,trials.thisTrialN,trials.thisN,trials.thisIndex,trials_2.thisRepN,trials_2.thisTrialN,trials_2.thisN,trials_2.thisIndex,trials_4.thisRepN,trials_4.thisTrialN,trials_4.thisN,trials_4.thisIndex,trials_8.thisRepN,trials_8.thisTrialN,trials_8.thisN,trials_8.thisIndex,key_resp_9.keys,key_resp_9.rt,key_resp_9.started,key_resp_9.stopped,text_6.started,text_6.stopped,image.started,image.stopped,key_resp_10.keys,key_resp_10.rt,key_resp_10.started,key_resp_10.stopped,key_resp_13.keys,key_resp_13.rt,key_resp_13.started,key_resp_13.stopped,text_7.started,text_7.stopped,key_resp_11.keys,key_resp_11.rt,key_resp_11.started,key_resp_11.stopped,image_2.started,image_2.stopped,image_3.started,image_3.stopped,key_resp_12.keys,key_resp_12.rt,key_resp_12.started,key_resp_12.stopped,text_8.started,text_8.stopped,key_resp_14.keys,key_resp_14.rt,key_resp_14.started,key_resp_14.stopped,text_2.started,text_2.stopped,fixation_start.started,fixation_start.stopped,trialCount,itemPresented,trialType,fixation_3.started,fixation_3.stopped,letter_0back.started,letter_0back.stopped,key_resp_5.keys,key_resp_5.corr,key_resp_5.rt,key_resp_5.started,key_resp_5.stopped,pracRep0,text_4.started,text_4.stopped,key_resp_7.keys,key_resp_7.rt,key_resp_7.started,key_resp_7.stopped,instructionsTxt.started,instructionsTxt.stopped,fixation.started,fixation.stopped,letter.started,letter.stopped,key_resp_2.keys,key_resp_2.corr,key_resp_2.rt,key_resp_2.started,key_resp_2.stopped,text_5.started,text_5.stopped,key_resp_8.keys,key_resp_8.rt,key_resp_8.started,key_resp_8.stopped,text.started,text.stopped,pracRepN1,pracRepN2,participant,counter-balance,session,stim site,date,expName,psychopyVersion,frameRate,
,,,,,,,,,,,,,,,,,,,,,space,1.4449894350254908,22.1507133480045,None,,,,,,,,,,,,,,,,,,,,,,,,,,,,,,,,,,,,,,,,,,,,,,,,,,,,,,,,,,,,,,,,,,,,,,,,,,,,,1,1,Pre,Vert,2021_Jun_21_1541,nBack_prac,2020.2.10,None,
,,,,,,,,,,,,,,,,,,,,,,,,,22.1507133480045,None,23.621735847962555,None,space,1.0300358189851977,23.621735847962555,None,,,,,,,,,,,,,,,,,,,,,,,,,,,,,,,,,,,,,,,,,,,,,,,,,,,,,,,,,,,,,,,,,,,,,1,1,Pre,Vert,2021_Jun_21_1541,nBack_prac,2020.2.10,None,
,,,,,,,,,,,,,,,,,,,,,,,,,,,,,,,,,space,0.6833744180039503,24.669707983965054,None,,,,,,,,,,,,,,,,,,,,,,,,,,,,,,,,,,,,,,,,,,,,,,,,,,,,,,,,,,,,,,,,,1,1,Pre,Vert,2021_Jun_21_1541,nBack_prac,2020.2.10,None,
,,,,,,,,,,,,,,,,,,,,,,,,,,,,,,,,,,,,,24.669707983965054,None,space,0.6873265709728003,25.370268071012106,None,,,,,,,,,,,,,,,,,,,,,,,,,,,,,,,,,,,,,,,,,,,,,,,,,,,,,,,,,,,1,1,Pre,Vert,2021_Jun_21_1541,nBack_prac,2020.2.10,None,
,,,,,,,,,,,,,,,,,,,,,,,,,,,,,,,,,,,,,,,,,,,25.370268071012106,None,26.087231151002925,None,space,0.5699745850288309,26.087231151002925,None,,,,,,,,,,,,,,,,,,,,,,,,,,,,,,,,,,,,,,,,,,,,,,,,,,,1,1,Pre,Vert,2021_Jun_21_1541,nBack_prac,2020.2.10,None,
,,,,,,,,,,,,,,,,,,,,,,,,,,,,,,,,,,,,,,,,,,,,,,,,,,,26.686927528004162,None,space,0.5458098030067049,26.686927528004162,None,,,,,,,,,,,,,,,,,,,,,,,,,,,,,,,,,,,,,,,,,,,,,1,1,Pre,Vert,2021_Jun_21_1541,nBack_prac,2020.2.10,None,
,0,0,0,0,0,0,0,0,,,,,,,,,,,,,,,,,,,,,,,,,,,,,,,,,,,,,,,,,,,,,,,,,27.25332834100118,None,28.63665966701228,None,0,F,0,31.120567923004273,33.12070743297227,30.636510187003296,31.13733705697814,left,1,0.4011336360126734,30.636510187003296,None,,,,,,,,,,,,,,,,,,,,,,,,,,,,,1,1,Pre,Vert,2021_Jun_21_1541,nBack_prac,2020.2.10,None,
,0,0,0,0,1,0,1,0,,,,,,,,,,,,,,,,,,,,,,,,,,,,,,,,,,,,,,,,,,,,,,,,,,,,,1,L,0,33.62053815199761,35.620481677993666,33.137215055990964,33.63684736000141,left,1,0.41542404401116073,33.137215055990964,33.137215055990964,,,,,,,,,,,,,,,,,,,,,,,,,,,,,1,1,Pre,Vert,2021_Jun_21_1541,nBack_prac,2020.2.10,None,
,0,0,0,0,2,0,2,0,,,,,,,,,,,,,,,,,,,,,,,,,,,,,,,,,,,,,,,,,,,,,,,,,,,,,2,X,1,36.12040958396392,38.120239790005144,35.63710363797145,36.13670115399873,right,1,0.3748695829999633,35.63710363797145,35.63710363797145,,,,,,,,,,,,,,,,,,,,,,,,,,,,,1,1,Pre,Vert,2021_Jun_21_1541,nBack_prac,2020.2.10,None,
,0,0,0,0,3,0,3,0,,,,,,,,,,,,,,,,,,,,,,,,,,,,,,,,,,,,,,,,,,,,,,,,,,,,,3,B,0,38.62055488600163,40.62342529796297,38.13705768401269,38.637321743997745,left,1,0.45688266900833696,38.13705768401269,38.13705768401269,,,,,,,,,,,,,,,,,,,,,,,,,,,,,1,1,Pre,Vert,2021_Jun_21_1541,nBack_prac,2020.2.10,None,
,0,0,0,0,4,0,4,0,,,,,,,,,,,,,,,,,,,,,,,,,,,,,,,,,,,,,,,,,,,,,,,,,,,,,4,X,1,41.12059475999558,43.11984414397739,40.63666619401192,41.137456949974876,right,1,0.30570280499523506,40.63666619401192,None,,,,,,,,,,,,,,,,,,,,,,,,,,,,,1,1,Pre,Vert,2021_Jun_21_1541,nBack_prac,2020.2.10,None,
,0,0,0,0,5,0,5,0,,,,,,,,,,,,,,,,,,,,,,,,,,,,,,,,,,,,,,,,,,,,,,,,,,,,,5,F,0,43.62045748101082,45.62041832396062,43.13666870299494,43.63716445496539,left,1,0.45082576299319044,43.13666870299494,43.13666870299494,,,,,,,,,,,,,,,,,,,,,,,,,,,,,1,1,Pre,Vert,2021_Jun_21_1541,nBack_prac,2020.2.10,None,
,0,0,0,0,6,0,6,0,,,,,,,,,,,,,,,,,,,,,,,,,,,,,,,,,,,,,,,,,,,,,,,,,,,,,6,B,0,46.120041401998606,48.12056469498202,45.63719186198432,46.13730801799102,left,1,0.43550914200022817,45.63719186198432,45.63719186198432,,,,,,,,,,,,,,,,,,,,,,,,,,,,,1,1,Pre,Vert,2021_Jun_21_1541,nBack_prac,2020.2.10,None,
,0,0,0,0,7,0,7,0,,,,,,,,,,,,,,,,,,,,,,,,,,,,,,,,,,,,,,,,,,,,,,,,,,,,,7,X,1,48.62044560100185,50.62034003000008,48.13684894097969,48.63639449997572,right,1,0.4843085649772547,48.13684894097969,48.13684894097969,,,,,,,,,,,,,,,,,,,,,,,,,,,,,1,1,Pre,Vert,2021_Jun_21_1541,nBack_prac,2020.2.10,None,
,0,0,0,0,8,0,8,0,,,,,,,,,,,,,,,,,,,,,,,,,,,,,,,,,,,,,,,,,,,,,,,,,,,,,8,N,0,51.120246330974624,53.12046847998863,50.63702446897514,51.14021858898923,left,1,0.412701474968344,50.63702446897514,50.63702446897514,,,,,,,,,,,,,,,,,,,,,,,,,,,,,1,1,Pre,Vert,2021_Jun_21_1541,nBack_prac,2020.2.10,None,
,0,0,0,0,9,0,9,0,,,,,,,,,,,,,,,,,,,,,,,,,,,,,,,,,,,,,,,,,,,,,,,,,,,,,9,X,1,53.62073738698382,55.623382481979206,53.13674591598101,53.636763366987,right,1,0.49296696204692125,53.13674591598101,53.13674591598101,,,,,,,,,,,,,,,,,,,,,,,,,,,,,1,1,Pre,Vert,2021_Jun_21_1541,nBack_prac,2020.2.10,None,
,0,0,0,0,10,0,10,0,,,,,,,,,,,,,,,,,,,,,,,,,,,,,,,,,,,,,,,,,,,,,,,,,,,,,10,C,0,56.12026333599351,58.123020550992806,55.636572120012715,56.13737258198671,left,1,0.3670660830102861,55.636572120012715,None,,,,,,,,,,,,,,,,,,,,,,,,,,,,,1,1,Pre,Vert,2021_Jun_21_1541,nBack_prac,2020.2.10,None,
,0,0,0,0,11,0,11,0,,,,,,,,,,,,,,,,,,,,,,,,,,,,,,,,,,,,,,,,,,,,,,,,,,,,,11,B,0,58.62047065701336,60.62342261499725,58.1363396079978,58.637164829007816,left,1,0.4544453480048105,58.1363396079978,None,,,,,,,,,,,,,,,,,,,,,,,,,,,,,1,1,Pre,Vert,2021_Jun_21_1541,nBack_prac,2020.2.10,None,
,0,0,0,0,12,0,12,0,,,,,,,,,,,,,,,,,,,,,,,,,,,,,,,,,,,,,,,,,,,,,,,,,,,,,12,X,1,61.12043261399958,63.120256736990996,60.63661345199216,61.13714395399438,right,1,0.48107316403184086,60.63661345199216,None,,,,,,,,,,,,,,,,,,,,,,,,,,,,,1,1,Pre,Vert,2021_Jun_21_1541,nBack_prac,2020.2.10,None,
,0,0,0,0,13,0,13,0,,,,,,,,,,,,,,,,,,,,,,,,,,,,,,,,,,,,,,,,,,,,,,,,,,,,,13,D,0,63.62039549095789,65.61996094399365,63.13709219900193,63.63689317199169,left,1,0.3937080110190436,63.13709219900193,63.13709219900193,,,,,,,,,,,,,,,,,,,,,,,,,,,,,1,1,Pre,Vert,2021_Jun_21_1541,nBack_prac,2020.2.10,None,
,0,0,0,0,14,0,14,0,,,,,,,,,,,,,,,,,,,,,,,,,,,,,,,,,,,,,,,,,,,,,,,,,,,,,14,N,0,66.12039232597454,68.1197926189634,65.63674383296166,66.13728171499679,left,1,0.5541503800195642,65.63674383296166,65.63674383296166,,,,,,,,,,,,,,,,,,,,,,,,,,,,,1,1,Pre,Vert,2021_Jun_21_1541,nBack_prac,2020.2.10,None,
,0,0,0,0,15,0,15,0,,,,,,,,,,,,,,,,,,,,,,,,,,,,,,,,,,,,,,,,,,,,,,,,,,,,,15,F,0,68.61943173001055,70.62165599997388,68.13632568798494,68.63833488000091,left,1,0.6055855519953184,68.13632568798494,68.13632568798494,,,,,,,,,,,,,,,,,,,,,,,,,,,,,1,1,Pre,Vert,2021_Jun_21_1541,nBack_prac,2020.2.10,None,
,0,0,0,0,16,0,16,0,,,,,,,,,,,,,,,,,,,,,,,,,,,,,,,,,,,,,,,,,,,,,,,,,,,,,16,P,0,71.1194067929755,73.12044730898924,70.63616825698409,71.13829948595958,left,1,0.4534521919558756,70.63616825698409,None,,,,,,,,,,,,,,,,,,,,,,,,,,,,,1,1,Pre,Vert,2021_Jun_21_1541,nBack_prac,2020.2.10,None,
,0,0,0,0,17,0,17,0,,,,,,,,,,,,,,,,,,,,,,,,,,,,,,,,,,,,,,,,,,,,,,,,,,,,,17,X,1,73.62035025301157,75.6204803820001,73.13636033498915,73.63680810801452,right,1,0.44239325303351507,73.13636033498915,73.13636033498915,,,,,,,,,,,,,,,,,,,,,,,,,,,,,1,1,Pre,Vert,2021_Jun_21_1541,nBack_prac,2020.2.10,None,
,0,0,0,0,,,,,,,,,,,,,,,,,,,,,,,,,,,,,,,,,,,,,,,,,,,,,,,,,,,,,,,,,,,,,,,,,,,,,1,75.64240137999877,None,space,0.8651930930209346,75.64240137999877,None,,,,,,,,,,,,,,,,,,,,,,1,1,Pre,Vert,2021_Jun_21_1541,nBack_prac,2020.2.10,None,
1,,,,,,,,,0,0,0,0,0,0,0,0,0,0,0,0,,,,,,,,,,,,,,,,,,,,,,,,,,,,,,,,,,,,,,,77.63652681896929,None,0,L,0,,,,,,,,,,,,,,,,,76.59446511795977,None,80.1202433409635,82.12028890597867,79.63651534699602,80.13707448996138,left,1,0.5399545049876906,79.63651534699602,None,,,,,,,,,,,1,1,Pre,Vert,2021_Jun_21_1541,nBack_prac,2020.2.10,None,
1,,,,,,,,,0,0,0,0,0,0,0,0,1,0,1,0,,,,,,,,,,,,,,,,,,,,,,,,,,,,,,,,,,,,,,,,,1,B,0,,,,,,,,,,,,,,,,,,,82.62010852899402,84.62310849397909,82.13690374296857,82.63696728600189,left,1,0.4730441980063915,82.13690374296857,82.13690374296857,,,,,,,,,,,1,1,Pre,Vert,2021_Jun_21_1541,nBack_prac,2020.2.10,None,
1,,,,,,,,,0,0,0,0,0,0,0,0,2,0,2,0,,,,,,,,,,,,,,,,,,,,,,,,,,,,,,,,,,,,,,,,,2,D,0,,,,,,,,,,,,,,,,,,,85.11974453896983,87.12311320600566,84.63653751299717,85.14003328396939,left,1,0.5492760909837671,84.63653751299717,None,,,,,,,,,,,1,1,Pre,Vert,2021_Jun_21_1541,nBack_prac,2020.2.10,None,
1,,,,,,,,,0,0,0,0,0,0,0,0,3,0,3,0,,,,,,,,,,,,,,,,,,,,,,,,,,,,,,,,,,,,,,,,,3,D,1,,,,,,,,,,,,,,,,,,,87.6197208329686,89.62322086596396,87.13663161796285,87.64003298099851,right,1,0.457911173987668,87.13663161796285,None,,,,,,,,,,,1,1,Pre,Vert,2021_Jun_21_1541,nBack_prac,2020.2.10,None,
1,,,,,,,,,0,0,0,0,0,0,0,0,4,0,4,0,,,,,,,,,,,,,,,,,,,,,,,,,,,,,,,,,,,,,,,,,4,G,0,,,,,,,,,,,,,,,,,,,90.12026202201378,92.12332712300122,89.6364589529694,90.13677447097143,left,1,0.539677674008999,89.6364589529694,None,,,,,,,,,,,1,1,Pre,Vert,2021_Jun_21_1541,nBack_prac,2020.2.10,None,
1,,,,,,,,,0,0,0,0,0,0,0,0,5,0,5,0,,,,,,,,,,,,,,,,,,,,,,,,,,,,,,,,,,,,,,,,,5,T,0,,,,,,,,,,,,,,,,,,,92.62027410499286,94.62040047196206,92.13626187096816,92.63711606996367,left,1,0.7323091860162094,92.13626187096816,None,,,,,,,,,,,1,1,Pre,Vert,2021_Jun_21_1541,nBack_prac,2020.2.10,None,
1,,,,,,,,,0,0,0,0,0,0,0,0,6,0,6,0,,,,,,,,,,,,,,,,,,,,,,,,,,,,,,,,,,,,,,,,,6,G,0,,,,,,,,,,,,,,,,,,,95.12052872497588,97.12300974095706,94.63695870799711,95.13682619400788,left,1,0.5415808339603245,94.63695870799711,94.63695870799711,,,,,,,,,,,1,1,Pre,Vert,2021_Jun_21_1541,nBack_prac,2020.2.10,None,
1,,,,,,,,,0,0,0,0,0,0,0,0,7,0,7,0,,,,,,,,,,,,,,,,,,,,,,,,,,,,,,,,,,,,,,,,,7,G,1,,,,,,,,,,,,,,,,,,,97.6202280750149,99.62037460098509,97.13633616396692,97.63659835496219,right,1,0.5334143820218742,97.13633616396692,None,,,,,,,,,,,1,1,Pre,Vert,2021_Jun_21_1541,nBack_prac,2020.2.10,None,
1,,,,,,,,,0,0,0,0,0,0,0,0,8,0,8,0,,,,,,,,,,,,,,,,,,,,,,,,,,,,,,,,,,,,,,,,,8,D,0,,,,,,,,,,,,,,,,,,,100.12025501398603,102.12303058197722,99.63679814100033,100.13656329998048,left,1,0.3902253750129603,99.63679814100033,99.63679814100033,,,,,,,,,,,1,1,Pre,Vert,2021_Jun_21_1541,nBack_prac,2020.2.10,None,
1,,,,,,,,,0,0,0,0,0,0,0,0,9,0,9,0,,,,,,,,,,,,,,,,,,,,,,,,,,,,,,,,,,,,,,,,,9,D,1,,,,,,,,,,,,,,,,,,,102.62029009801336,104.62021967099281,102.13635274296394,102.63691805599956,right,1,0.4158119590138085,102.13635274296394,None,,,,,,,,,,,1,1,Pre,Vert,2021_Jun_21_1541,nBack_prac,2020.2.10,None,
1,,,,,,,,,0,0,0,0,0,0,0,0,10,0,10,0,,,,,,,,,,,,,,,,,,,,,,,,,,,,,,,,,,,,,,,,,10,P,0,,,,,,,,,,,,,,,,,,,105.12028550199466,107.12038237496745,104.63666443200782,105.13708943699021,left,1,0.4104853880126029,104.63666443200782,104.63666443200782,,,,,,,,,,,1,1,Pre,Vert,2021_Jun_21_1541,nBack_prac,2020.2.10,None,
1,,,,,,,,,0,0,0,0,0,0,0,0,11,0,11,0,,,,,,,,,,,,,,,,,,,,,,,,,,,,,,,,,,,,,,,,,11,C,0,,,,,,,,,,,,,,,,,,,107.61979312298354,109.62307355395751,107.13635200896533,107.63669950299663,left,1,0.4174793350393884,107.13635200896533,107.13635200896533,,,,,,,,,,,1,1,Pre,Vert,2021_Jun_21_1541,nBack_prac,2020.2.10,None,
1,,,,,,,,,0,0,0,0,0,0,0,0,12,0,12,0,,,,,,,,,,,,,,,,,,,,,,,,,,,,,,,,,,,,,,,,,12,C,1,,,,,,,,,,,,,,,,,,,110.12022577400785,112.12318668299122,109.63650924299145,110.13627230800921,right,1,0.5411192519823089,109.63650924299145,None,,,,,,,,,,,1,1,Pre,Vert,2021_Jun_21_1541,nBack_prac,2020.2.10,None,
1,,,,,,,,,0,0,0,0,0,0,0,0,13,0,13,0,,,,,,,,,,,,,,,,,,,,,,,,,,,,,,,,,,,,,,,,,13,T,0,,,,,,,,,,,,,,,,,,,112.61962853500154,114.61991979298182,112.13605548697524,112.63604716700502,left,1,0.6292492999928072,112.13605548697524,None,,,,,,,,,,,1,1,Pre,Vert,2021_Jun_21_1541,nBack_prac,2020.2.10,None,
1,,,,,,,,,0,0,0,0,0,0,0,0,14,0,14,0,,,,,,,,,,,,,,,,,,,,,,,,,,,,,,,,,,,,,,,,,14,T,1,,,,,,,,,,,,,,,,,,,115.12001229898306,117.12027922400739,114.63695909798844,115.13707240798976,right,1,0.473971466999501,114.63695909798844,114.63695909798844,,,,,,,,,,,1,1,Pre,Vert,2021_Jun_21_1541,nBack_prac,2020.2.10,None,
1,,,,,,,,,0,0,0,0,0,0,0,0,15,0,15,0,,,,,,,,,,,,,,,,,,,,,,,,,,,,,,,,,,,,,,,,,15,N,0,,,,,,,,,,,,,,,,,,,117.61973524297355,119.61981298297178,117.13653742597671,117.6400818490074,left,1,0.6006689540226944,117.13653742597671,117.13653742597671,,,,,,,,,,,1,1,Pre,Vert,2021_Jun_21_1541,nBack_prac,2020.2.10,None,
1,,,,,,,,,0,0,0,0,0,0,0,0,16,0,16,0,,,,,,,,,,,,,,,,,,,,,,,,,,,,,,,,,,,,,,,,,16,N,1,,,,,,,,,,,,,,,,,,,120.12233119696612,None,119.63642108801287,120.13636396301445,right,1,0.5666425140225329,119.63642108801287,119.63642108801287,,,,,,,,,,,1,1,Pre,Vert,2021_Jun_21_1541,nBack_prac,2020.2.10,None,
1,,,,,,,,,0,0,0,0,0,0,0,0,17,0,17,0,,,,,,,,,,,,,,,,,,,,,,,,,,,,,,,,,,,,,,,,,17,L,0,,,,,,,,,,,,,,,,,,,122.62024616496637,124.61931925598765,122.13622765697073,122.63685942598386,left,1,0.5149788970011286,122.13622765697073,122.13622765697073,,,,,,,,,,,1,1,Pre,Vert,2021_Jun_21_1541,nBack_prac,2020.2.10,None,
1,,,,,,,,,0,0,0,0,0,0,0,0,,,,,,,,,,,,,,,,,,,,,,,,,,,,,,,,,,,,,,,,,,,,,,,,,,,,,,,,,,,,,,,,,,,,,,,,,,,124.63530541700311,None,space,0.9703445349587128,124.63530541700311,None,,,,,1,1,Pre,Vert,2021_Jun_21_1541,nBack_prac,2020.2.10,None,
1,,,,,,,,,0,0,0,0,,,,,,,,,,,,,,,,,,,,,,,,,,,,,,,,,,,,,,,,,,,,,,,,,,,,,,,,,,,,,,,,,,,,,,,,,,,,,,,,,,,,,,,,,1,1,Pre,Vert,2021_Jun_21_1541,nBack_prac,2020.2.10,None,
2,,,,,,,,,0,1,1,1,0,0,0,0,0,0,0,0,,,,,,,,,,,,,,,,,,,,,,,,,,,,,,,,,,,,,,,126.75255769799696,None,0,P,0,,,,,,,,,,,,,,,,,125.65040677599609,None,129.2391264589969,131.23681412095902,128.75304705498274,129.25260671897558,left,1,0.4802166579756886,128.75304705498274,None,,,,,,,,,,,1,1,Pre,Vert,2021_Jun_21_1541,nBack_prac,2020.2.10,None,
2,,,,,,,,,0,1,1,1,0,0,0,0,1,0,1,0,,,,,,,,,,,,,,,,,,,,,,,,,,,,,,,,,,,,,,,,,1,N,0,,,,,,,,,,,,,,,,,,,131.73681056097848,None,131.252911855001,131.7532175089582,left,1,0.41246448503807187,131.252911855001,131.252911855001,,,,,,,,,,,1,1,Pre,Vert,2021_Jun_21_1541,nBack_prac,2020.2.10,None,
2,,,,,,,,,0,1,1,1,0,0,0,0,2,0,2,0,,,,,,,,,,,,,,,,,,,,,,,,,,,,,,,,,,,,,,,,,2,P,1,,,,,,,,,,,,,,,,,,,134.2366701439605,136.236353477987,133.75310598599026,134.25326997600496,right,1,0.6080627479823306,133.75310598599026,133.75310598599026,,,,,,,,,,,1,1,Pre,Vert,2021_Jun_21_1541,nBack_prac,2020.2.10,None,
2,,,,,,,,,0,1,1,1,0,0,0,0,3,0,3,0,,,,,,,,,,,,,,,,,,,,,,,,,,,,,,,,,,,,,,,,,3,L,0,,,,,,,,,,,,,,,,,,,136.73634318995755,138.73687757796142,136.253303630976,136.75312359898817,left,1,0.5895509460242465,136.253303630976,136.253303630976,,,,,,,,,,,1,1,Pre,Vert,2021_Jun_21_1541,nBack_prac,2020.2.10,None,
2,,,,,,,,,0,1,1,1,0,0,0,0,4,0,4,0,,,,,,,,,,,,,,,,,,,,,,,,,,,,,,,,,,,,,,,,,4,T,0,,,,,,,,,,,,,,,,,,,139.2362643799861,141.23935090797022,138.75331019295845,139.2529950159951,left,1,0.4895529979839921,138.75331019295845,138.75331019295845,,,,,,,,,,,1,1,Pre,Vert,2021_Jun_21_1541,nBack_prac,2020.2.10,None,
2,,,,,,,,,0,1,1,1,0,0,0,0,5,0,5,0,,,,,,,,,,,,,,,,,,,,,,,,,,,,,,,,,,,,,,,,,5,C,0,,,,,,,,,,,,,,,,,,,141.73928033700213,None,141.25263571296819,141.75328080001054,left,1,0.619496100989636,141.25263571296819,141.25263571296819,,,,,,,,,,,1,1,Pre,Vert,2021_Jun_21_1541,nBack_prac,2020.2.10,None,
2,,,,,,,,,0,1,1,1,0,0,0,0,6,0,6,0,,,,,,,,,,,,,,,,,,,,,,,,,,,,,,,,,,,,,,,,,6,P,0,,,,,,,,,,,,,,,,,,,144.23678992298665,146.23657988297055,143.75306240399368,144.2530549549847,left,1,0.5391838019713759,143.75306240399368,143.75306240399368,,,,,,,,,,,1,1,Pre,Vert,2021_Jun_21_1541,nBack_prac,2020.2.10,None,
2,,,,,,,,,0,1,1,1,0,0,0,0,7,0,7,0,,,,,,,,,,,,,,,,,,,,,,,,,,,,,,,,,,,,,,,,,7,C,1,,,,,,,,,,,,,,,,,,,146.73627793596825,148.73619118897477,146.25342986598844,146.75336205697386,right,1,0.4107560960110277,146.25342986598844,146.25342986598844,,,,,,,,,,,1,1,Pre,Vert,2021_Jun_21_1541,nBack_prac,2020.2.10,None,
2,,,,,,,,,0,1,1,1,0,0,0,0,8,0,8,0,,,,,,,,,,,,,,,,,,,,,,,,,,,,,,,,,,,,,,,,,8,L,0,,,,,,,,,,,,,,,,,,,149.23639970598742,151.23675515700597,148.753029273008,149.25328352599172,left,1,0.5092268459848128,148.753029273008,148.753029273008,,,,,,,,,,,1,1,Pre,Vert,2021_Jun_21_1541,nBack_prac,2020.2.10,None,
2,,,,,,,,,0,1,1,1,0,0,0,0,9,0,9,0,,,,,,,,,,,,,,,,,,,,,,,,,,,,,,,,,,,,,,,,,9,C,1,,,,,,,,,,,,,,,,,,,151.73619685298763,153.7368131019757,151.25311369501287,151.75327208195813,right,1,0.5259469149750657,151.25311369501287,151.25311369501287,,,,,,,,,,,1,1,Pre,Vert,2021_Jun_21_1541,nBack_prac,2020.2.10,None,
2,,,,,,,,,0,1,1,1,0,0,0,0,10,0,10,0,,,,,,,,,,,,,,,,,,,,,,,,,,,,,,,,,,,,,,,,,10,D,0,,,,,,,,,,,,,,,,,,,154.23623532097554,156.23668267397443,153.7530372790061,154.25324566697236,left,1,0.47217681899201125,153.7530372790061,153.7530372790061,,,,,,,,,,,1,1,Pre,Vert,2021_Jun_21_1541,nBack_prac,2020.2.10,None,
2,,,,,,,,,0,1,1,1,0,0,0,0,11,0,11,0,,,,,,,,,,,,,,,,,,,,,,,,,,,,,,,,,,,,,,,,,11,G,0,,,,,,,,,,,,,,,,,,,156.73588815599214,158.73915728600696,156.25297138397582,156.75552514201263,left,1,0.4995910059660673,156.25297138397582,156.25297138397582,,,,,,,,,,,1,1,Pre,Vert,2021_Jun_21_1541,nBack_prac,2020.2.10,None,
2,,,,,,,,,0,1,1,1,0,0,0,0,12,0,12,0,,,,,,,,,,,,,,,,,,,,,,,,,,,,,,,,,,,,,,,,,12,D,1,,,,,,,,,,,,,,,,,,,159.2359923819895,161.2363669309998,158.75269481301075,159.25327071599895,right,1,0.477118631999474,158.75269481301075,158.75269481301075,,,,,,,,,,,1,1,Pre,Vert,2021_Jun_21_1541,nBack_prac,2020.2.10,None,
2,,,,,,,,,0,1,1,1,0,0,0,0,13,0,13,0,,,,,,,,,,,,,,,,,,,,,,,,,,,,,,,,,,,,,,,,,13,C,0,,,,,,,,,,,,,,,,,,,161.73632509401068,163.73918347700965,161.25303718197392,161.75298304500757,left,1,0.4619628170039505,161.25303718197392,161.25303718197392,,,,,,,,,,,1,1,Pre,Vert,2021_Jun_21_1541,nBack_prac,2020.2.10,None,
2,,,,,,,,,0,1,1,1,0,0,0,0,14,0,14,0,,,,,,,,,,,,,,,,,,,,,,,,,,,,,,,,,,,,,,,,,14,D,1,,,,,,,,,,,,,,,,,,,164.2367349579581,166.2362150659901,163.7523710039677,164.25326098199002,right,1,0.6812928809667937,163.7523710039677,163.7523710039677,,,,,,,,,,,1,1,Pre,Vert,2021_Jun_21_1541,nBack_prac,2020.2.10,None,
2,,,,,,,,,0,1,1,1,0,0,0,0,15,0,15,0,,,,,,,,,,,,,,,,,,,,,,,,,,,,,,,,,,,,,,,,,15,P,0,,,,,,,,,,,,,,,,,,,166.736418941,168.73917948099552,166.25224829401122,166.75321699195774,left,1,0.617606199986767,166.25224829401122,166.25224829401122,,,,,,,,,,,1,1,Pre,Vert,2021_Jun_21_1541,nBack_prac,2020.2.10,None,
2,,,,,,,,,0,1,1,1,0,0,0,0,16,0,16,0,,,,,,,,,,,,,,,,,,,,,,,,,,,,,,,,,,,,,,,,,16,D,1,,,,,,,,,,,,,,,,,,,169.236088480975,171.23605746997055,168.75256747897947,169.25303902296582,right,1,0.6024058590410277,168.75256747897947,168.75256747897947,,,,,,,,,,,1,1,Pre,Vert,2021_Jun_21_1541,nBack_prac,2020.2.10,None,
2,,,,,,,,,0,1,1,1,0,0,0,0,17,0,17,0,,,,,,,,,,,,,,,,,,,,,,,,,,,,,,,,,,,,,,,,,17,N,0,,,,,,,,,,,,,,,,,,,171.73565929901088,173.73626211995725,171.2527394759818,171.75316590897273,left,1,0.47820952301844954,171.2527394759818,171.2527394759818,,,,,,,,,,,1,1,Pre,Vert,2021_Jun_21_1541,nBack_prac,2020.2.10,None,
2,,,,,,,,,0,1,1,1,0,0,0,0,,,,,,,,,,,,,,,,,,,,,,,,,,,,,,,,,,,,,,,,,,,,,,,,,,,,,,,,,,,,,,,,,,,,,,,,,,,173.7531169569702,None,space,1.132424691983033,173.7531169569702,None,,,,,1,1,Pre,Vert,2021_Jun_21_1541,nBack_prac,2020.2.10,None,
2,,,,,,,,,0,1,1,1,,,,,,,,,,,,,,,,,,,,,,,,,,,,,,,,,,,,,,,,,,,,,,,,,,,,,,,,,,,,,,,,,,,,,,,,,,,,,,,,,,,,,,,,,1,1,Pre,Vert,2021_Jun_21_1541,nBack_prac,2020.2.10,None,
,,,,,,,,,,,,,,,,,,,,,,,,,,,,,,,,,,,,,,,,,,,,,,,,,,,,,,,,,,,,,,,,,,,,,,,,,1,,,,,,,,,,,,,,,,,,,,,,,,174.90205539396266,None,1,1,,,,,,,,,
