﻿trials_7.thisRepN,trials_7.thisTrialN,trials_7.thisN,trials_7.thisIndex,trials.thisRepN,trials.thisTrialN,trials.thisN,trials.thisIndex,trials_4.thisRepN,trials_4.thisTrialN,trials_4.thisN,trials_4.thisIndex,N_test,trials_3.thisRepN,trials_3.thisTrialN,trials_3.thisN,trials_3.thisIndex,text_3.started,text_3.stopped,fixation_start.started,fixation_start.stopped,firstPort.started,firstPort.stopped,trialCount,itemPresented,trialType,fixation.started,fixation.stopped,letter_0back.started,letter_0back.stopped,key_resp_5.keys,key_resp_5.corr,key_resp_5.rt,key_resp_5.started,key_resp_5.stopped,stimPort.started,stimPort.stopped,fixationPort.started,fixationPort.stopped,text_7.started,text_7.stopped,key_resp_11.keys,key_resp_11.rt,key_resp_11.started,key_resp_11.stopped,expInstructions.started,expInstructions.stopped,participant,session,date,expName,psychopyVersion,frameRate,
0,0,0,0,0,0,0,0,,,,,,,,,,10.396390300011262,None,12.097043300047517,None,0.012049230048432946,0.024028029991313815,0,N,0,14.59669249993749,None,14.097484400030226,14.59669249993749,period,1,0.3980364999733865,14.097484400030226,None,0.010525030083954334,0.03790043015033007,0.5044096300844103,0.5376102300360799,,,,,,,,,1,1,2021_May_27_1205,nBack_exp_v2,2020.2.5,60.12043327310662,
0,0,0,0,,,,,,,,,,,,,,,,,,,,,,,,,,,,,,,,,,,,,,,,,,,,1,1,2021_May_27_1205,nBack_exp_v2,2020.2.5,60.12043327310662,
,,,,,,,,,,,,,,,,,,,,,,,,,,,,,,,,,,,,,,,16.59680789988488,None,space,2.5149387000128627,16.59680789988488,None,,,1,1,2021_May_27_1205,nBack_exp_v2,2020.2.5,60.12043327310662,
,,,,,,,,,,,,,,,,,,,20.430620899889618,None,0.01216832990758121,0.024692029925063252,1,N,1,,,,,,,,,,,,,,,,,,,,19.193658199859783,None,,,,,,,
