﻿key_resp_9.keys,key_resp_9.rt,key_resp_9.started,key_resp_9.stopped,text_6.started,text_6.stopped,image.started,image.stopped,key_resp_10.keys,key_resp_10.rt,key_resp_10.started,key_resp_10.stopped,key_resp_11.keys,key_resp_11.rt,key_resp_11.started,key_resp_11.stopped,image_2.started,image_2.stopped,image_3.started,image_3.stopped,key_resp_12.keys,key_resp_12.rt,key_resp_12.started,key_resp_12.stopped,participant,counterbalance,session,stim site,date,expName,psychopyVersion,frameRate,
space,3.0828611640026793,24.978711598028895,None,,,,,,,,,,,,,,,,,,,,,1,1,Pre,V,2021_Jun_21_2009,nBack_prac,2020.2.10,None,
,,,,24.978711598028895,None,28.08770622004522,None,space,2.4797665259684436,28.08770622004522,None,,,,,,,,,,,,,1,1,Pre,V,2021_Jun_21_2009,nBack_prac,2020.2.10,None,
,,,,,,,,,,,,space,1.0422350830049254,30.585814527003095,None,,,,,,,,,1,1,Pre,V,2021_Jun_21_2009,nBack_prac,2020.2.10,None,
,,,,,,,,,,,,,,,,30.585814527003095,None,31.65314270404633,None,space,9.021840148954652,31.65314270404633,None,1,1,Pre,V,2021_Jun_21_2009,nBack_prac,2020.2.10,None,
