﻿N_prac,trials_3.thisRepN,trials_3.thisTrialN,trials_3.thisN,trials_3.thisIndex,trials.thisRepN,trials.thisTrialN,trials.thisN,trials.thisIndex,trials_2.thisRepN,trials_2.thisTrialN,trials_2.thisN,trials_2.thisIndex,trials_4.thisRepN,trials_4.thisTrialN,trials_4.thisN,trials_4.thisIndex,trials_8.thisRepN,trials_8.thisTrialN,trials_8.thisN,trials_8.thisIndex,key_resp_9.keys,key_resp_9.rt,key_resp_9.started,key_resp_9.stopped,text_6.started,text_6.stopped,image.started,image.stopped,key_resp_10.keys,key_resp_10.rt,key_resp_10.started,key_resp_10.stopped,key_resp_11.keys,key_resp_11.rt,key_resp_11.started,key_resp_11.stopped,image_2.started,image_2.stopped,image_3.started,image_3.stopped,key_resp_12.keys,key_resp_12.rt,key_resp_12.started,key_resp_12.stopped,text_8.started,text_8.stopped,key_resp_14.keys,key_resp_14.rt,key_resp_14.started,key_resp_14.stopped,text_2.started,text_2.stopped,fixation_start.started,fixation_start.stopped,trialCount,itemPresented,trialType,fixation_3.started,fixation_3.stopped,letter_0back.started,letter_0back.stopped,key_resp_5.keys,key_resp_5.corr,key_resp_5.rt,key_resp_5.started,key_resp_5.stopped,pracRep0,text_4.started,text_4.stopped,key_resp_7.keys,key_resp_7.rt,key_resp_7.started,key_resp_7.stopped,instructionsTxt.started,instructionsTxt.stopped,fixation.started,fixation.stopped,letter.started,letter.stopped,key_resp_2.keys,key_resp_2.corr,key_resp_2.rt,key_resp_2.started,key_resp_2.stopped,text_5.started,text_5.stopped,key_resp_8.keys,key_resp_8.rt,key_resp_8.started,key_resp_8.stopped,text.started,text.stopped,pracRepN1,pracRepN2,participant,counterbalance,date,expName,psychopyVersion,frameRate,
,,,,,,,,,,,,,,,,,,,,,space,2.602558699999463,10.290268300000207,None,,,,,,,,,,,,,,,,,,,,,,,,,,,,,,,,,,,,,,,,,,,,,,,,,,,,,,,,,,,,,,,,,,,,,,,,2,2021_Jul_23_1725,ClosedLoopParticipant,2021.1.4,144.11734610781613,
,,,,,,,,,,,,,,,,,,,,,,,,,10.290268300000207,None,12.904701400000704,None,space,27.540173100000175,12.904701400000704,None,,,,,,,,,,,,,,,,,,,,,,,,,,,,,,,,,,,,,,,,,,,,,,,,,,,,,,,,,,,,,,,,2,2021_Jul_23_1725,ClosedLoopParticipant,2021.1.4,144.11734610781613,
,,,,,,,,,,,,,,,,,,,,,,,,,,,,,,,,,space,0.38027730000067095,40.45663719999993,None,,,,,,,,,,,,,,,,,,,,,,,,,,,,,,,,,,,,,,,,,,,,,,,,,,,,,,,,,,,,2,2021_Jul_23_1725,ClosedLoopParticipant,2021.1.4,144.11734610781613,
,,,,,,,,,,,,,,,,,,,,,,,,,,,,,,,,,,,,,40.45663719999993,None,40.84578540000075,None,space,0.3032409999996162,40.84578540000075,None,,,,,,,,,,,,,,,,,,,,,,,,,,,,,,,,,,,,,,,,,,,,,,,,,,,,2,2021_Jul_23_1725,ClosedLoopParticipant,2021.1.4,144.11734610781613,
,,,,,,,,,,,,,,,,,,,,,,,,,,,,,,,,,,,,,,,,,,,,,41.15895990000081,None,space,1.5099434000003384,41.15895990000081,None,,,,,,,,,,,,,,,,,,,,,,,,,,,,,,,,,,,,,,,,,,,,,,2,2021_Jul_23_1725,ClosedLoopParticipant,2021.1.4,144.11734610781613,
,0,0,0,0,0,0,0,0,,,,,,,,,,,,,,,,,,,,,,,,,,,,,,,,,,,,,,,,,,,42.680679000000055,None,43.1740462000007,None,0,C,0,45.66868810000051,47.66991760000019,45.175280600000406,45.675628200000574,left,1,1.6856501000002027,45.175280600000406,None,,,,,,,,,,,,,,,,,,,,,,,,,,,,,,2,2021_Jul_23_1725,ClosedLoopParticipant,2021.1.4,144.11734610781613,
,0,0,0,0,1,0,1,0,,,,,,,,,,,,,,,,,,,,,,,,,,,,,,,,,,,,,,,,,,,,,,,1,B,0,48.177961600000344,None,47.67771320000065,48.177961600000344,left,1,0.7032186999995247,47.67771320000065,47.67771320000065,,,,,,,,,,,,,,,,,,,,,,,,,,,,,,2,2021_Jul_23_1725,ClosedLoopParticipant,2021.1.4,144.11734610781613,
,0,0,0,0,2,0,2,0,,,,,,,,,,,,,,,,,,,,,,,,,,,,,,,,,,,,,,,,,,,,,,,2,T,0,50.6725821,52.67387730000064,50.17924060000041,50.679571399999986,left,1,0.729489399999693,50.17924060000041,None,,,,,,,,,,,,,,,,,,,,,,,,,,,,,,2,2021_Jul_23_1725,ClosedLoopParticipant,2021.1.4,144.11734610781613,
,0,0,0,0,3,0,3,0,,,,,,,,,,,,,,,,,,,,,,,,,,,,,,,,,,,,,,,,,,,,,,,3,T,0,53.17424090000077,55.175500100000136,52.680821599999945,53.181188600000496,left,1,0.5320393000001786,52.680821599999945,None,,,,,,,,,,,,,,,,,,,,,,,,,,,,,,2,2021_Jul_23_1725,ClosedLoopParticipant,2021.1.4,144.11734610781613,
,0,0,0,0,4,0,4,0,,,,,,,,,,,,,,,,,,,,,,,,,,,,,,,,,,,,,,,,,,,,,,,4,X,1,55.67581990000053,57.67708060000041,55.182468200000585,55.68276960000003,right,1,0.5745272000003752,55.182468200000585,None,,,,,,,,,,,,,,,,,,,,,,,,,,,,,,2,2021_Jul_23_1725,ClosedLoopParticipant,2021.1.4,144.11734610781613,
,0,0,0,0,5,0,5,0,,,,,,,,,,,,,,,,,,,,,,,,,,,,,,,,,,,,,,,,,,,,,,,5,T,0,58.177367799999956,None,57.68402690000039,58.18431700000019,left,1,0.5050163999994766,57.68402690000039,None,,,,,,,,,,,,,,,,,,,,,,,,,,,,,,2,2021_Jul_23_1725,ClosedLoopParticipant,2021.1.4,144.11734610781613,
,0,0,0,0,6,0,6,0,,,,,,,,,,,,,,,,,,,,,,,,,,,,,,,,,,,,,,,,,,,,,,,6,X,1,60.67199940000046,62.6732892,60.17865849999998,60.67895410000074,right,1,0.8022799000000305,60.17865849999998,None,,,,,,,,,,,,,,,,,,,,,,,,,,,,,,2,2021_Jul_23_1725,ClosedLoopParticipant,2021.1.4,144.11734610781613,
,0,0,0,0,7,0,7,0,,,,,,,,,,,,,,,,,,,,,,,,,,,,,,,,,,,,,,,,,,,,,,,7,L,0,63.17360439999993,65.1748376000005,62.68021250000038,63.180553000000145,left,1,0.49268339999980526,62.68021250000038,None,,,,,,,,,,,,,,,,,,,,,,,,,,,,,,2,2021_Jul_23_1725,ClosedLoopParticipant,2021.1.4,144.11734610781613,
,0,0,0,0,8,0,8,0,,,,,,,,,,,,,,,,,,,,,,,,,,,,,,,,,,,,,,,,,,,,,,,8,T,0,65.67515240000012,67.67645150000044,65.18190959999993,65.68226240000058,right,0,0.3430109999999331,65.18190959999993,None,,,,,,,,,,,,,,,,,,,,,,,,,,,,,,2,2021_Jul_23_1725,ClosedLoopParticipant,2021.1.4,144.11734610781613,
,0,0,0,0,9,0,9,0,,,,,,,,,,,,,,,,,,,,,,,,,,,,,,,,,,,,,,,,,,,,,,,9,T,0,68.17675810000037,None,67.68339280000055,68.1837084000008,right,0,1.1695196000000578,67.68339280000055,None,,,,,,,,,,,,,,,,,,,,,,,,,,,,,,2,2021_Jul_23_1725,ClosedLoopParticipant,2021.1.4,144.11734610781613,
,0,0,0,0,10,0,10,0,,,,,,,,,,,,,,,,,,,,,,,,,,,,,,,,,,,,,,,,,,,,,,,10,X,1,70.67138740000064,72.67265900000075,70.17802140000003,70.6783075000003,left,0,0.42690740000034566,70.17802140000003,None,,,,,,,,,,,,,,,,,,,,,,,,,,,,,,2,2021_Jul_23_1725,ClosedLoopParticipant,2021.1.4,144.11734610781613,
,0,0,0,0,11,0,11,0,,,,,,,,,,,,,,,,,,,,,,,,,,,,,,,,,,,,,,,,,,,,,,,11,N,0,73.17296380000062,75.17422930000066,72.67959700000029,73.17985420000059,right,0,1.2533741000006557,72.67959700000029,None,,,,,,,,,,,,,,,,,,,,,,,,,,,,,,2,2021_Jul_23_1725,ClosedLoopParticipant,2021.1.4,144.11734610781613,
,0,0,0,0,12,0,12,0,,,,,,,,,,,,,,,,,,,,,,,,,,,,,,,,,,,,,,,,,,,,,,,12,X,1,75.6748034000002,77.67604810000012,75.18130080000083,75.68186230000083,right,1,0.6476528000002872,75.18130080000083,None,,,,,,,,,,,,,,,,,,,,,,,,,,,,,,2,2021_Jul_23_1725,ClosedLoopParticipant,2021.1.4,144.11734610781613,
,0,0,0,0,13,0,13,0,,,,,,,,,,,,,,,,,,,,,,,,,,,,,,,,,,,,,,,,,,,,,,,13,D,0,78.17633840000053,80.17764560000069,77.68300200000067,78.18332740000005,left,1,0.4419692000001305,77.68300200000067,None,,,,,,,,,,,,,,,,,,,,,,,,,,,,,,2,2021_Jul_23_1725,ClosedLoopParticipant,2021.1.4,144.11734610781613,
,0,0,0,0,14,0,14,0,,,,,,,,,,,,,,,,,,,,,,,,,,,,,,,,,,,,,,,,,,,,,,,14,P,0,80.67794780000077,None,80.18455710000035,80.68489620000037,left,1,0.6844091000002663,80.18455710000035,None,,,,,,,,,,,,,,,,,,,,,,,,,,,,,,2,2021_Jul_23_1725,ClosedLoopParticipant,2021.1.4,144.11734610781613,
,0,0,0,0,15,0,15,0,,,,,,,,,,,,,,,,,,,,,,,,,,,,,,,,,,,,,,,,,,,,,,,15,X,1,83.17256910000015,85.17384310000034,82.67921110000043,83.17949150000004,right,1,0.5258069999999861,82.67921110000043,None,,,,,,,,,,,,,,,,,,,,,,,,,,,,,,2,2021_Jul_23_1725,ClosedLoopParticipant,2021.1.4,144.11734610781613,
,0,0,0,0,16,0,16,0,,,,,,,,,,,,,,,,,,,,,,,,,,,,,,,,,,,,,,,,,,,,,,,16,N,0,85.67412360000071,87.67541650000021,85.18078870000045,85.68121920000067,right,0,0.4723244999995586,85.18078870000045,None,,,,,,,,,,,,,,,,,,,,,,,,,,,,,,2,2021_Jul_23_1725,ClosedLoopParticipant,2021.1.4,144.11734610781613,
,0,0,0,0,17,0,17,0,,,,,,,,,,,,,,,,,,,,,,,,,,,,,,,,,,,,,,,,,,,,,,,17,X,1,88.17574520000016,90.17701080000006,87.68237040000076,88.18267560000004,right,1,0.7386285000002317,87.68237040000076,None,,,,,,,,,,,,,,,,,,,,,,,,,,,,,,2,2021_Jul_23_1725,ClosedLoopParticipant,2021.1.4,144.11734610781613,
,0,0,0,0,,,,,,,,,,,,,,,,,,,,,,,,,,,,,,,,,,,,,,,,,,,,,,,,,,,,,,,,,,,,,,,2,90.19105660000059,None,space,2.2219389000001684,90.19105660000059,None,,,,,,,,,,,,,,,,,,,,,,,2,2021_Jul_23_1725,ClosedLoopParticipant,2021.1.4,144.11734610781613,
1,,,,,,,,,0,0,0,0,0,0,0,0,0,0,0,0,,,,,,,,,,,,,,,,,,,,,,,,,,,,,,,,,96.73374590000003,None,0,B,0,,,,,,,,,,,,,,,,,92.45334210000055,None,99.22981210000034,101.23110739999993,98.73640150000028,99.23663850000048,left,1,1.8525956000003134,98.73640150000028,None,,,,,,,,,,,,2,2021_Jul_23_1725,ClosedLoopParticipant,2021.1.4,144.11734610781613,
1,,,,,,,,,0,0,0,0,0,0,0,0,1,0,1,0,,,,,,,,,,,,,,,,,,,,,,,,,,,,,,,,,,,1,F,0,,,,,,,,,,,,,,,,,,,101.73141720000058,103.73256010000023,101.23793999999998,101.73824839999997,left,1,0.927059100000406,101.23793999999998,None,,,,,,,,,,,,2,2021_Jul_23_1725,ClosedLoopParticipant,2021.1.4,144.11734610781613,
1,,,,,,,,,0,0,0,0,0,0,0,0,2,0,2,0,,,,,,,,,,,,,,,,,,,,,,,,,,,,,,,,,,,2,F,1,,,,,,,,,,,,,,,,,,,104.23287880000044,106.23414540000067,103.73951860000034,104.23982510000042,right,1,0.641543400000046,103.73951860000034,None,,,,,,,,,,,,2,2021_Jul_23_1725,ClosedLoopParticipant,2021.1.4,144.11734610781613,
1,,,,,,,,,0,0,0,0,0,0,0,0,3,0,3,0,,,,,,,,,,,,,,,,,,,,,,,,,,,,,,,,,,,3,B,0,,,,,,,,,,,,,,,,,,,106.73445410000022,108.73570940000081,106.2410660000005,106.74137260000043,left,1,1.0119783000000098,106.2410660000005,None,,,,,,,,,,,,2,2021_Jul_23_1725,ClosedLoopParticipant,2021.1.4,144.11734610781613,
1,,,,,,,,,0,0,0,0,0,0,0,0,4,0,4,0,,,,,,,,,,,,,,,,,,,,,,,,,,,,,,,,,,,4,F,0,,,,,,,,,,,,,,,,,,,109.23603290000028,111.23729470000035,108.74266080000052,109.24298030000045,left,1,0.6943061000001762,108.74266080000052,None,,,,,,,,,,,,2,2021_Jul_23_1725,ClosedLoopParticipant,2021.1.4,144.11734610781613,
1,,,,,,,,,0,0,0,0,0,0,0,0,5,0,5,0,,,,,,,,,,,,,,,,,,,,,,,,,,,,,,,,,,,5,F,1,,,,,,,,,,,,,,,,,,,111.73758050000015,None,111.24424200000067,111.74455690000013,right,1,0.720786699999735,111.24424200000067,None,,,,,,,,,,,,2,2021_Jul_23_1725,ClosedLoopParticipant,2021.1.4,144.11734610781613,
1,,,,,,,,,0,0,0,0,0,0,0,0,6,0,6,0,,,,,,,,,,,,,,,,,,,,,,,,,,,,,,,,,,,6,P,0,,,,,,,,,,,,,,,,,,,114.23224150000078,116.23347040000044,113.73886680000032,114.23918840000078,left,1,0.7061217000000397,113.73886680000032,None,,,,,,,,,,,,2,2021_Jul_23_1725,ClosedLoopParticipant,2021.1.4,144.11734610781613,
1,,,,,,,,,0,0,0,0,0,0,0,0,7,0,7,0,,,,,,,,,,,,,,,,,,,,,,,,,,,,,,,,,,,7,N,0,,,,,,,,,,,,,,,,,,,116.73381750000044,118.73507840000002,116.24045000000024,116.74076630000036,left,1,0.6044959999999264,116.24045000000024,None,,,,,,,,,,,,2,2021_Jul_23_1725,ClosedLoopParticipant,2021.1.4,144.11734610781613,
1,,,,,,,,,0,0,0,0,0,0,0,0,8,0,8,0,,,,,,,,,,,,,,,,,,,,,,,,,,,,,,,,,,,8,P,0,,,,,,,,,,,,,,,,,,,119.23543990000053,121.23670280000078,118.74199829999998,119.2423617000004,left,1,0.5350570000000516,118.74199829999998,None,,,,,,,,,,,,2,2021_Jul_23_1725,ClosedLoopParticipant,2021.1.4,144.11734610781613,
1,,,,,,,,,0,0,0,0,0,0,0,0,9,0,9,0,,,,,,,,,,,,,,,,,,,,,,,,,,,,,,,,,,,9,P,1,,,,,,,,,,,,,,,,,,,121.73703420000038,None,121.24365350000062,121.7439742000006,right,1,0.609335099999953,121.24365350000062,None,,,,,,,,,,,,2,2021_Jul_23_1725,ClosedLoopParticipant,2021.1.4,144.11734610781613,
1,,,,,,,,,0,0,0,0,0,0,0,0,10,0,10,0,,,,,,,,,,,,,,,,,,,,,,,,,,,,,,,,,,,10,G,0,,,,,,,,,,,,,,,,,,,124.23167410000042,126.23293550000017,123.73825209999995,124.23863370000072,left,1,0.5707561999997779,123.73825209999995,None,,,,,,,,,,,,2,2021_Jul_23_1725,ClosedLoopParticipant,2021.1.4,144.11734610781613,
1,,,,,,,,,0,0,0,0,0,0,0,0,11,0,11,0,,,,,,,,,,,,,,,,,,,,,,,,,,,,,,,,,,,11,N,0,,,,,,,,,,,,,,,,,,,126.7332761000007,128.7345137000002,126.24004260000038,126.74020000000019,left,1,0.708989400000064,126.24004260000038,None,,,,,,,,,,,,2,2021_Jul_23_1725,ClosedLoopParticipant,2021.1.4,144.11734610781613,
1,,,,,,,,,0,0,0,0,0,0,0,0,12,0,12,0,,,,,,,,,,,,,,,,,,,,,,,,,,,,,,,,,,,12,N,1,,,,,,,,,,,,,,,,,,,129.2348619000004,131.2361303000007,128.74149660000057,129.24180940000042,right,1,0.9274887000001399,128.74149660000057,None,,,,,,,,,,,,2,2021_Jul_23_1725,ClosedLoopParticipant,2021.1.4,144.11734610781613,
1,,,,,,,,,0,0,0,0,0,0,0,0,13,0,13,0,,,,,,,,,,,,,,,,,,,,,,,,,,,,,,,,,,,13,D,0,,,,,,,,,,,,,,,,,,,131.73643900000025,None,131.24304110000048,131.7433847000002,left,1,1.170013700000709,131.24304110000048,None,,,,,,,,,,,,2,2021_Jul_23_1725,ClosedLoopParticipant,2021.1.4,144.11734610781613,
1,,,,,,,,,0,0,0,0,0,0,0,0,14,0,14,0,,,,,,,,,,,,,,,,,,,,,,,,,,,,,,,,,,,14,P,0,,,,,,,,,,,,,,,,,,,134.23108480000064,136.23236050000014,133.73770150000018,134.23801490000005,left,1,0.9153055999995559,133.73770150000018,None,,,,,,,,,,,,2,2021_Jul_23_1725,ClosedLoopParticipant,2021.1.4,144.11734610781613,
1,,,,,,,,,0,0,0,0,0,0,0,0,15,0,15,0,,,,,,,,,,,,,,,,,,,,,,,,,,,,,,,,,,,15,P,1,,,,,,,,,,,,,,,,,,,136.73264280000058,138.73390580000068,136.23927420000018,136.73960220000026,right,1,0.733745500000623,136.23927420000018,None,,,,,,,,,,,,2,2021_Jul_23_1725,ClosedLoopParticipant,2021.1.4,144.11734610781613,
1,,,,,,,,,0,0,0,0,0,0,0,0,16,0,16,0,,,,,,,,,,,,,,,,,,,,,,,,,,,,,,,,,,,16,D,0,,,,,,,,,,,,,,,,,,,139.23423510000066,141.23548120000032,138.7408527000007,139.24116760000015,left,1,0.6402103000000352,138.7408527000007,None,,,,,,,,,,,,2,2021_Jul_23_1725,ClosedLoopParticipant,2021.1.4,144.11734610781613,
1,,,,,,,,,0,0,0,0,0,0,0,0,17,0,17,0,,,,,,,,,,,,,,,,,,,,,,,,,,,,,,,,,,,17,D,1,,,,,,,,,,,,,,,,,,,141.73577019999993,143.7370632000002,141.24243150000075,141.74271829999998,right,1,0.7546018999992157,141.24243150000075,None,,,,,,,,,,,,2,2021_Jul_23_1725,ClosedLoopParticipant,2021.1.4,144.11734610781613,
1,,,,,,,,,0,0,0,0,0,0,0,0,,,,,,,,,,,,,,,,,,,,,,,,,,,,,,,,,,,,,,,,,,,,,,,,,,,,,,,,,,,,,,,,,,,,,143.7471112000003,None,space,2.417918799999825,143.7471112000003,None,,,,,,2,2021_Jul_23_1725,ClosedLoopParticipant,2021.1.4,144.11734610781613,
1,,,,,,,,,0,0,0,0,,,,,,,,,,,,,,,,,,,,,,,,,,,,,,,,,,,,,,,,,,,,,,,,,,,,,,,,,,,,,,,,,,,,,,,,,,,,,,,,,,,,2,2021_Jul_23_1725,ClosedLoopParticipant,2021.1.4,144.11734610781613,
2,,,,,,,,,0,1,1,1,0,0,0,0,0,0,0,0,,,,,,,,,,,,,,,,,,,,,,,,,,,,,,,,,147.6187271000008,None,0,D,1,,,,,,,,,,,,,,,,,146.19442870000057,None,150.11328960000083,152.11454500000036,149.6199215000006,150.12023650000083,left,0,1.00112369999988,149.6199215000006,None,,,,,,,,,,,,2,2021_Jul_23_1725,ClosedLoopParticipant,2021.1.4,144.11734610781613,
2,,,,,,,,,0,1,1,1,0,0,0,0,1,0,1,0,,,,,,,,,,,,,,,,,,,,,,,,,,,,,,,,,,,1,D,0,,,,,,,,,,,,,,,,,,,152.61486250000053,154.61609430000044,152.12149790000058,152.62180970000009,left,1,1.0676680000005945,152.12149790000058,152.12149790000058,,,,,,,,,,,,2,2021_Jul_23_1725,ClosedLoopParticipant,2021.1.4,144.11734610781613,
2,,,,,,,,,0,1,1,1,0,0,0,0,2,0,2,0,,,,,,,,,,,,,,,,,,,,,,,,,,,,,,,,,,,2,P,0,,,,,,,,,,,,,,,,,,,155.1164131000005,157.11769950000053,154.62304630000017,155.12338930000078,right,0,0.8140236999997796,154.62304630000017,None,,,,,,,,,,,,2,2021_Jul_23_1725,ClosedLoopParticipant,2021.1.4,144.11734610781613,
2,,,,,,,,,0,1,1,1,0,0,0,0,3,0,3,0,,,,,,,,,,,,,,,,,,,,,,,,,,,,,,,,,,,3,D,1,,,,,,,,,,,,,,,,,,,157.6180219000007,159.61928330000046,157.12462440000036,157.6249404,left,0,0.9445009000000937,157.12462440000036,None,,,,,,,,,,,,2,2021_Jul_23_1725,ClosedLoopParticipant,2021.1.4,144.11734610781613,
2,,,,,,,,,0,1,1,1,0,0,0,0,4,0,4,0,,,,,,,,,,,,,,,,,,,,,,,,,,,,,,,,,,,4,B,0,,,,,,,,,,,,,,,,,,,160.1195703000003,162.12082890000056,159.6262312000008,160.1265508000006,right,0,1.4828168000003643,159.6262312000008,None,,,,,,,,,,,,2,2021_Jul_23_1725,ClosedLoopParticipant,2021.1.4,144.11734610781613,
2,,,,,,,,,0,1,1,1,0,0,0,0,5,0,5,0,,,,,,,,,,,,,,,,,,,,,,,,,,,,,,,,,,,5,P,0,,,,,,,,,,,,,,,,,,,162.6211458000007,164.62243020000005,162.12793070000043,162.6281282,left,1,1.253110900000138,162.12793070000043,None,,,,,,,,,,,,2,2021_Jul_23_1725,ClosedLoopParticipant,2021.1.4,144.11734610781613,
2,,,,,,,,,0,1,1,1,0,0,0,0,6,0,6,0,,,,,,,,,,,,,,,,,,,,,,,,,,,,,,,,,,,6,B,1,,,,,,,,,,,,,,,,,,,165.12272640000083,None,164.62938940000004,165.12969030000022,right,1,0.8796939000003476,164.62938940000004,None,,,,,,,,,,,,2,2021_Jul_23_1725,ClosedLoopParticipant,2021.1.4,144.11734610781613,
2,,,,,,,,,0,1,1,1,0,0,0,0,7,0,7,0,,,,,,,,,,,,,,,,,,,,,,,,,,,,,,,,,,,7,T,0,,,,,,,,,,,,,,,,,,,167.61738360000072,169.61864980000064,167.1239873000004,167.62430350000068,left,1,1.3691170000001875,167.1239873000004,None,,,,,,,,,,,,2,2021_Jul_23_1725,ClosedLoopParticipant,2021.1.4,144.11734610781613,
2,,,,,,,,,0,1,1,1,0,0,0,0,8,0,8,0,,,,,,,,,,,,,,,,,,,,,,,,,,,,,,,,,,,8,F,0,,,,,,,,,,,,,,,,,,,170.11893690000034,172.12022490000072,169.6255626000002,170.12588090000008,left,1,1.571680699999888,169.6255626000002,None,,,,,,,,,,,,2,2021_Jul_23_1725,ClosedLoopParticipant,2021.1.4,144.11734610781613,
2,,,,,,,,,0,1,1,1,0,0,0,0,9,0,9,0,,,,,,,,,,,,,,,,,,,,,,,,,,,,,,,,,,,9,B,0,,,,,,,,,,,,,,,,,,,172.62050920000001,174.62180360000002,172.1272643000002,172.62748780000038,left,1,2.398052700000335,172.1272643000002,None,,,,,,,,,,,,2,2021_Jul_23_1725,ClosedLoopParticipant,2021.1.4,144.11734610781613,
2,,,,,,,,,0,1,1,1,0,0,0,0,10,0,10,0,,,,,,,,,,,,,,,,,,,,,,,,,,,,,,,,,,,10,F,1,,,,,,,,,,,,,,,,,,,175.1223656000002,None,174.6288753000008,175.12928740000007,right,1,0.8562388999998802,174.6288753000008,None,,,,,,,,,,,,2,2021_Jul_23_1725,ClosedLoopParticipant,2021.1.4,144.11734610781613,
2,,,,,,,,,0,1,1,1,0,0,0,0,11,0,11,0,,,,,,,,,,,,,,,,,,,,,,,,,,,,,,,,,,,11,C,0,,,,,,,,,,,,,,,,,,,177.61698820000038,179.61825660000068,177.12363559999994,177.62391050000042,left,1,1.641424200000074,177.12363559999994,None,,,,,,,,,,,,2,2021_Jul_23_1725,ClosedLoopParticipant,2021.1.4,144.11734610781613,
2,,,,,,,,,0,1,1,1,0,0,0,0,12,0,12,0,,,,,,,,,,,,,,,,,,,,,,,,,,,,,,,,,,,12,P,0,,,,,,,,,,,,,,,,,,,180.1185703000001,182.11983450000025,179.62520100000074,180.1255215000001,left,1,1.835867199999484,179.62520100000074,None,,,,,,,,,,,,2,2021_Jul_23_1725,ClosedLoopParticipant,2021.1.4,144.11734610781613,
2,,,,,,,,,0,1,1,1,0,0,0,0,13,0,13,0,,,,,,,,,,,,,,,,,,,,,,,,,,,,,,,,,,,13,C,1,,,,,,,,,,,,,,,,,,,182.6201613000003,184.62138420000065,182.12677910000002,182.6272396000004,right,1,1.014378900000338,182.12677910000002,None,,,,,,,,,,,,2,2021_Jul_23_1725,ClosedLoopParticipant,2021.1.4,144.11734610781613,
2,,,,,,,,,0,1,1,1,0,0,0,0,14,0,14,0,,,,,,,,,,,,,,,,,,,,,,,,,,,,,,,,,,,14,G,0,,,,,,,,,,,,,,,,,,,185.12169650000033,None,184.62836650000008,185.12867370000004,left,1,1.9207378999999491,184.62836650000008,None,,,,,,,,,,,,2,2021_Jul_23_1725,ClosedLoopParticipant,2021.1.4,144.11734610781613,
2,,,,,,,,,0,1,1,1,0,0,0,0,15,0,15,0,,,,,,,,,,,,,,,,,,,,,,,,,,,,,,,,,,,15,C,1,,,,,,,,,,,,,,,,,,,187.616352,189.61762160000035,187.12295930000073,187.62330670000028,left,0,1.714166299999306,187.12295930000073,None,,,,,,,,,,,,2,2021_Jul_23_1725,ClosedLoopParticipant,2021.1.4,144.11734610781613,
2,,,,,,,,,0,1,1,1,0,0,0,0,16,0,16,0,,,,,,,,,,,,,,,,,,,,,,,,,,,,,,,,,,,0,G,1,,,,,,,,,,,,,,,,,,,190.11790510000083,192.1191920000001,189.62456640000073,190.12488600000052,left,0,1.9805787000004784,189.62456640000073,None,,,,,,,,,,,,2,2021_Jul_23_1725,ClosedLoopParticipant,2021.1.4,144.11734610781613,
2,,,,,,,,,0,1,1,1,0,0,0,0,17,0,17,0,,,,,,,,,,,,,,,,,,,,,,,,,,,,,,,,,,,1,B,0,,,,,,,,,,,,,,,,,,,192.6194832000001,194.62074329999996,192.1261602000004,192.62658700000065,left,1,1.5191482999998698,192.1261602000004,None,,,,,,,,,,,,2,2021_Jul_23_1725,ClosedLoopParticipant,2021.1.4,144.11734610781613,
2,,,,,,,,,0,1,1,1,0,0,0,0,,,,,,,,,,,,,,,,,,,,,,,,,,,,,,,,,,,,,,,,,,,,,,,,,,,,,,,,,,,,,,,,,,,,,194.63032340000063,None,space,2.9907775000001493,194.63032340000063,None,,,,,,2,2021_Jul_23_1725,ClosedLoopParticipant,2021.1.4,144.11734610781613,
2,,,,,,,,,0,1,1,1,1,0,1,0,0,0,0,0,,,,,,,,,,,,,,,,,,,,,,,,,,,,,,,,,206.99953910000022,None,2,L,0,,,,,,,,,,,,,,,,,197.63259240000025,None,209.50118680000014,None,209.00085330000002,209.50118680000014,left,1,0.5962533000001713,209.00085330000002,None,,,,,,,,,,,,2,2021_Jul_23_1725,ClosedLoopParticipant,2021.1.4,144.11734610781613,
2,,,,,,,,,0,1,1,1,1,0,1,0,1,0,1,0,,,,,,,,,,,,,,,,,,,,,,,,,,,,,,,,,,,3,B,1,,,,,,,,,,,,,,,,,,,211.99584460000005,213.9971054000007,211.50254770000083,212.0028030000003,left,0,0.9745763999999326,211.50254770000083,211.50254770000083,,,,,,,,,,,,2,2021_Jul_23_1725,ClosedLoopParticipant,2021.1.4,144.11734610781613,
2,,,,,,,,,0,1,1,1,1,0,1,0,2,0,2,0,,,,,,,,,,,,,,,,,,,,,,,,,,,,,,,,,,,4,T,0,,,,,,,,,,,,,,,,,,,214.49744270000065,216.49868530000003,214.0040366000003,214.5043482000001,left,1,0.5930900000003021,214.0040366000003,None,,,,,,,,,,,,2,2021_Jul_23_1725,ClosedLoopParticipant,2021.1.4,144.11734610781613,
2,,,,,,,,,0,1,1,1,1,0,1,0,3,0,3,0,,,,,,,,,,,,,,,,,,,,,,,,,,,,,,,,,,,5,G,0,,,,,,,,,,,,,,,,,,,216.99977920000038,219.0002656000006,216.50560530000075,217.0059553000001,left,1,0.6035414999996647,216.50560530000075,None,,,,,,,,,,,,2,2021_Jul_23_1725,ClosedLoopParticipant,2021.1.4,144.11734610781613,
2,,,,,,,,,0,1,1,1,1,0,1,0,4,0,4,0,,,,,,,,,,,,,,,,,,,,,,,,,,,,,,,,,,,6,T,1,,,,,,,,,,,,,,,,,,,219.50055050000083,221.50181450000036,219.00718730000062,219.50750060000064,right,1,0.6539302000001044,219.00718730000062,None,,,,,,,,,,,,2,2021_Jul_23_1725,ClosedLoopParticipant,2021.1.4,144.11734610781613,
2,,,,,,,,,0,1,1,1,1,0,1,0,5,0,5,0,,,,,,,,,,,,,,,,,,,,,,,,,,,,,,,,,,,7,C,0,,,,,,,,,,,,,,,,,,,222.00215790000038,None,221.50879179999993,222.00910939999994,left,1,0.832353000000694,221.50879179999993,None,,,,,,,,,,,,2,2021_Jul_23_1725,ClosedLoopParticipant,2021.1.4,144.11734610781613,
2,,,,,,,,,0,1,1,1,1,0,1,0,6,0,6,0,,,,,,,,,,,,,,,,,,,,,,,,,,,,,,,,,,,8,B,0,,,,,,,,,,,,,,,,,,,224.49675790000038,226.49805220000053,224.00341990000015,224.50375160000021,left,1,0.8657804000004035,224.00341990000015,None,,,,,,,,,,,,2,2021_Jul_23_1725,ClosedLoopParticipant,2021.1.4,144.11734610781613,
2,,,,,,,,,0,1,1,1,1,0,1,0,7,0,7,0,,,,,,,,,,,,,,,,,,,,,,,,,,,,,,,,,,,9,G,0,,,,,,,,,,,,,,,,,,,226.99836030000006,228.99962930000038,226.50496880000082,227.0052839,left,1,1.6681900000003225,226.50496880000082,None,,,,,,,,,,,,2,2021_Jul_23_1725,ClosedLoopParticipant,2021.1.4,144.11734610781613,
2,,,,,,,,,0,1,1,1,1,0,1,0,8,0,8,0,,,,,,,,,,,,,,,,,,,,,,,,,,,,,,,,,,,10,B,1,,,,,,,,,,,,,,,,,,,229.49994480000078,231.50117600000067,229.00657760000013,229.50689150000017,right,1,0.7745783000000301,229.00657760000013,None,,,,,,,,,,,,2,2021_Jul_23_1725,ClosedLoopParticipant,2021.1.4,144.11734610781613,
2,,,,,,,,,0,1,1,1,1,0,1,0,9,0,9,0,,,,,,,,,,,,,,,,,,,,,,,,,,,,,,,,,,,11,T,0,,,,,,,,,,,,,,,,,,,232.0016037000005,234.0028615000001,231.50827560000016,232.00854909999998,left,1,0.7448896000005334,231.50827560000016,None,,,,,,,,,,,,2,2021_Jul_23_1725,ClosedLoopParticipant,2021.1.4,144.11734610781613,
2,,,,,,,,,0,1,1,1,1,0,1,0,10,0,10,0,,,,,,,,,,,,,,,,,,,,,,,,,,,,,,,,,,,12,N,0,,,,,,,,,,,,,,,,,,,234.50315720000071,None,234.00994870000068,234.51013180000064,left,1,1.7871940999993967,234.00994870000068,None,,,,,,,,,,,,2,2021_Jul_23_1725,ClosedLoopParticipant,2021.1.4,144.11734610781613,
2,,,,,,,,,0,1,1,1,1,0,1,0,11,0,11,0,,,,,,,,,,,,,,,,,,,,,,,,,,,,,,,,,,,13,T,1,,,,,,,,,,,,,,,,,,,236.99778200000037,238.99907450000046,236.5044153000008,237.00477150000006,right,1,0.764893900000061,236.5044153000008,None,,,,,,,,,,,,2,2021_Jul_23_1725,ClosedLoopParticipant,2021.1.4,144.11734610781613,
2,,,,,,,,,0,1,1,1,1,0,1,0,12,0,12,0,,,,,,,,,,,,,,,,,,,,,,,,,,,,,,,,,,,14,P,0,,,,,,,,,,,,,,,,,,,239.4993626000005,241.50064880000082,239.00602460000027,239.50634330000048,left,1,0.7750722999999198,239.00602460000027,None,,,,,,,,,,,,2,2021_Jul_23_1725,ClosedLoopParticipant,2021.1.4,144.11734610781613,
2,,,,,,,,,0,1,1,1,1,0,1,0,13,0,13,0,,,,,,,,,,,,,,,,,,,,,,,,,,,,,,,,,,,15,T,1,,,,,,,,,,,,,,,,,,,242.00096850000045,244.00223069999993,241.50805460000083,242.00801310000043,None,0,,241.50805460000083,None,,,,,,,,,,,,2,2021_Jul_23_1725,ClosedLoopParticipant,2021.1.4,144.11734610781613,
2,,,,,,,,,0,1,1,1,1,0,1,0,14,0,14,0,,,,,,,,,,,,,,,,,,,,,,,,,,,,,,,,,,,0,P,1,,,,,,,,,,,,,,,,,,,244.50254660000064,None,244.00915020000048,244.5096177000005,left,0,0.6121552000004158,244.00915020000048,None,,,,,,,,,,,,2,2021_Jul_23_1725,ClosedLoopParticipant,2021.1.4,144.11734610781613,
2,,,,,,,,,0,1,1,1,1,0,1,0,15,0,15,0,,,,,,,,,,,,,,,,,,,,,,,,,,,,,,,,,,,1,N,0,,,,,,,,,,,,,,,,,,,246.99714949999998,248.99841150000066,246.50377920000028,247.00412770000003,left,1,1.0776061999995363,246.50377920000028,None,,,,,,,,,,,,2,2021_Jul_23_1725,ClosedLoopParticipant,2021.1.4,144.11734610781613,
2,,,,,,,,,0,1,1,1,1,0,1,0,16,0,16,0,,,,,,,,,,,,,,,,,,,,,,,,,,,,,,,,,,,2,B,0,,,,,,,,,,,,,,,,,,,249.49875710000015,251.5000211000006,249.00539090000075,249.50568939999994,left,1,1.0317880000002333,249.00539090000075,None,,,,,,,,,,,,2,2021_Jul_23_1725,ClosedLoopParticipant,2021.1.4,144.11734610781613,
2,,,,,,,,,0,1,1,1,1,0,1,0,17,0,17,0,,,,,,,,,,,,,,,,,,,,,,,,,,,,,,,,,,,3,N,1,,,,,,,,,,,,,,,,,,,252.00125350000053,254.0025355000007,251.50770530000045,252.00834750000013,right,1,0.7374964999999065,251.50770530000045,None,,,,,,,,,,,,2,2021_Jul_23_1725,ClosedLoopParticipant,2021.1.4,144.11734610781613,
2,,,,,,,,,0,1,1,1,1,0,1,0,,,,,,,,,,,,,,,,,,,,,,,,,,,,,,,,,,,,,,,,,,,,,,,,,,,,,,,,,,,,,,,,,,,,,254.0121289000008,None,space,1.305193700000018,254.0121289000008,None,,,,,,2,2021_Jul_23_1725,ClosedLoopParticipant,2021.1.4,144.11734610781613,
2,,,,,,,,,0,1,1,1,,,,,,,,,,,,,,,,,,,,,,,,,,,,,,,,,,,,,,,,,,,,,,,,,,,,,,,,,,,,,,,,,,,,,,,,,,,,,,,,,,,,2,2021_Jul_23_1725,ClosedLoopParticipant,2021.1.4,144.11734610781613,
,,,,,,,,,,,,,,,,,,,,,,,,,,,,,,,,,,,,,,,,,,,,,,,,,,,,,,,,,,,,,,,,,,,2,,,,,,,,,,,,,,,,,,,,,,,,255.32778580000013,None,1,2,,,,,,,
