﻿trials_3.thisRepN,trials_3.thisTrialN,trials_3.thisN,trials_3.thisIndex,trials_2.thisRepN,trials_2.thisTrialN,trials_2.thisN,trials_2.thisIndex,N_prac,trials_4.thisRepN,trials_4.thisTrialN,trials_4.thisN,trials_4.thisIndex,key_resp_9.keys,key_resp_9.rt,key_resp_9.started,key_resp_9.stopped,text_6.started,text_6.stopped,image.started,image.stopped,key_resp_10.keys,key_resp_10.rt,key_resp_10.started,key_resp_10.stopped,key_resp_11.keys,key_resp_11.rt,key_resp_11.started,key_resp_11.stopped,image_2.started,image_2.stopped,image_3.started,image_3.stopped,key_resp_12.keys,key_resp_12.rt,key_resp_12.started,key_resp_12.stopped,participant,session,date,expName,psychopyVersion,frameRate,
,,,,,,,,,,,,,space,11.43955879996065,9.534214399987832,None,,,,,,,,,,,,,,,,,,,,,,1,2021_Jun_15_0909,nBack_prac,2020.2.5,59.94880373655489,
,,,,,,,,,,,,,,,,,9.534214399987832,None,21.019072099938057,None,space,56.75237780006137,21.019072099938057,None,,,,,,,,,,,,,,1,2021_Jun_15_0909,nBack_prac,2020.2.5,59.94880373655489,
,,,,,,,,,,,,,,,,,,,,,,,,,space,24.57979139999952,77.81861449999269,None,,,,,,,,,,1,2021_Jun_15_0909,nBack_prac,2020.2.5,59.94880373655489,
,,,,,,,,,,,,,,,,,,,,,,,,,,,,,77.81861449999269,None,102.43432959995698,None,space,66.2670181998983,102.43432959995698,None,,1,2021_Jun_15_0909,nBack_prac,2020.2.5,59.94880373655489,
