﻿Image1.started,Image1.stopped,key_resp_9.keys,key_resp_9.rt,key_resp_9.started,key_resp_9.stopped,image.started,image.stopped,key_resp_10.keys,key_resp_10.rt,key_resp_10.started,key_resp_10.stopped,key_resp_11.keys,key_resp_11.rt,key_resp_11.started,key_resp_11.stopped,image_2.started,image_2.stopped,participant,session,date,expName,psychopyVersion,frameRate,
9.884136700071394,None,space,2.1397329000756145,9.884136700071394,None,,,,,,,,,,,,,,1,2021_Jun_06_1242,nBack_prac,2020.2.5,60.93258538514157,
,,,,,,12.067309400066733,None,space,5.241609399672598,12.067309400066733,None,,,,,,,,1,2021_Jun_06_1242,nBack_prac,2020.2.5,60.93258538514157,
,,,,,,,,,,,,space,1.0794656998477876,17.353416699916124,None,,,,1,2021_Jun_06_1242,nBack_prac,2020.2.5,60.93258538514157,
,,,,,,,,,,,,,,,,17.353416699916124,None,,,,,,,
