﻿Image1.started,Image1.stopped,key_resp_9.keys,key_resp_9.rt,key_resp_9.started,key_resp_9.stopped,image.started,image.stopped,key_resp_10.keys,key_resp_10.rt,key_resp_10.started,key_resp_10.stopped,key_resp_11.keys,key_resp_11.rt,key_resp_11.started,key_resp_11.stopped,image_2.started,image_2.stopped,participant,session,date,expName,psychopyVersion,frameRate,
7.663514799904078,None,space,0.84839339973405,7.663514799904078,None,,,,,,,,,,,,,,,2021_Jun_06_1248,nBack_prac,2020.2.5,59.910409946385535,
,,,,,,8.553269099909812,None,space,1.574904799927026,8.553269099909812,None,,,,,,,,,2021_Jun_06_1248,nBack_prac,2020.2.5,59.910409946385535,
,,,,,,,,,,,,space,0.6629111999645829,10.171643400099128,None,,,,,2021_Jun_06_1248,nBack_prac,2020.2.5,59.910409946385535,
,,,,,,,,,,,,,,,,10.171643400099128,None,,,,,,,
