﻿Image1.started,Image1.stopped,key_resp_9.keys,key_resp_9.rt,key_resp_9.started,key_resp_9.stopped,image.started,image.stopped,key_resp_10.keys,key_resp_10.rt,key_resp_10.started,key_resp_10.stopped,key_resp_11.keys,key_resp_11.rt,key_resp_11.started,key_resp_11.stopped,image_2.started,image_2.stopped,participant,session,date,expName,psychopyVersion,frameRate,
11.287351300008595,None,space,0.8667488996870816,11.287351300008595,None,,,,,,,,,,,,,,1,2021_Jun_06_1246,nBack_prac,2020.2.5,60.43281980232241,
,,,,,,12.186736900359392,None,space,2.795493300072849,12.186736900359392,None,,,,,,,,1,2021_Jun_06_1246,nBack_prac,2020.2.5,60.43281980232241,
,,,,,,,,,,,,space,3.3835485000163317,15.020693399943411,None,,,,1,2021_Jun_06_1246,nBack_prac,2020.2.5,60.43281980232241,
,,,,,,,,,,,,,,,,15.020693399943411,None,,,,,,,
