﻿Image1.started,Image1.stopped,key_resp_9.keys,key_resp_9.rt,key_resp_9.started,key_resp_9.stopped,image.started,image.stopped,key_resp_10.keys,key_resp_10.rt,key_resp_10.started,key_resp_10.stopped,key_resp_11.keys,key_resp_11.rt,key_resp_11.started,key_resp_11.stopped,image_2.started,image_2.stopped,participant,session,date,expName,psychopyVersion,frameRate,
9.023787900339812,None,space,0.9696661001071334,9.023787900339812,None,,,,,,,,,,,,,,1,2021_Jun_06_1244,nBack_prac,2020.2.5,60.33612034949139,
,,,,,,10.038352500181645,None,space,2.8874619998969138,10.038352500181645,None,,,,,,,,1,2021_Jun_06_1244,nBack_prac,2020.2.5,60.33612034949139,
,,,,,,,,,,,,space,8.043552900198847,12.9719841000624,None,,,,1,2021_Jun_06_1244,nBack_prac,2020.2.5,60.33612034949139,
,,,,,,,,,,,,,,,,12.9719841000624,None,,,,,,,
