﻿Image1.started,Image1.stopped,key_resp_9.keys,key_resp_9.rt,key_resp_9.started,key_resp_9.stopped,image.started,image.stopped,key_resp_10.keys,key_resp_10.rt,key_resp_10.started,key_resp_10.stopped,key_resp_11.keys,key_resp_11.rt,key_resp_11.started,key_resp_11.stopped,image_2.started,image_2.stopped,participant,session,date,expName,psychopyVersion,frameRate,
7.651724899653345,None,space,0.8958850000053644,7.651724899653345,None,,,,,,,,,,,,,,1,2021_Jun_06_1243,nBack_prac,2020.2.5,60.05180064423279,
,,,,,,8.589186299592257,None,space,1.8707113000564277,8.589186299592257,None,,,,,,,,1,2021_Jun_06_1243,nBack_prac,2020.2.5,60.05180064423279,
,,,,,,,,,,,,space,1.0444239000789821,10.505757799837738,None,,,,1,2021_Jun_06_1243,nBack_prac,2020.2.5,60.05180064423279,
,,,,,,,,,,,,,,,,10.505757799837738,None,,,,,,,
