﻿trials_3.thisRepN,trials_3.thisTrialN,trials_3.thisN,trials_3.thisIndex,key_resp_9.keys,key_resp_9.rt,key_resp_9.started,key_resp_9.stopped,text_6.started,text_6.stopped,image.started,image.stopped,key_resp_10.keys,key_resp_10.rt,key_resp_10.started,key_resp_10.stopped,key_resp_13.keys,key_resp_13.rt,key_resp_13.started,key_resp_13.stopped,text_7.started,text_7.stopped,key_resp_11.keys,key_resp_11.rt,key_resp_11.started,key_resp_11.stopped,image_2.started,image_2.stopped,image_3.started,image_3.stopped,key_resp_12.keys,key_resp_12.rt,key_resp_12.started,key_resp_12.stopped,text_8.started,text_8.stopped,key_resp_14.keys,key_resp_14.rt,key_resp_14.started,key_resp_14.stopped,participant,sesssion,date,expName,psychopyVersion,frameRate,
,,,,space,1.0721782550099306,14.516866291000042,None,,,,,,,,,,,,,,,,,,,,,,,,,,,,,,,,,,001,2021_Jun_21_1516,nBack_prac,2020.2.10,None,
,,,,,,,,14.516866291000042,None,15.611336624016985,None,space,0.7231184919946827,15.611336624016985,None,,,,,,,,,,,,,,,,,,,,,,,,,,001,2021_Jun_21_1516,nBack_prac,2020.2.10,None,
,,,,,,,,,,,,,,,,space,2.560942053969484,16.356070492009167,None,,,,,,,,,,,,,,,,,,,,,,001,2021_Jun_21_1516,nBack_prac,2020.2.10,None,
,,,,,,,,,,,,,,,,,,,,16.356070492009167,None,space,1.537644844967872,18.94020058301976,None,,,,,,,,,,,,,,,,001,2021_Jun_21_1516,nBack_prac,2020.2.10,None,
,,,,,,,,,,,,,,,,,,,,,,,,,,18.94020058301976,None,20.506847886019386,None,space,0.5045991509687155,20.506847886019386,None,,,,,,,,001,2021_Jun_21_1516,nBack_prac,2020.2.10,None,
,,,,,,,,,,,,,,,,,,,,,,,,,,,,,,,,,,21.040188318002038,None,space,3.7099196249619126,21.040188318002038,None,,001,2021_Jun_21_1516,nBack_prac,2020.2.10,None,
