﻿trials_3.thisRepN,trials_3.thisTrialN,trials_3.thisN,trials_3.thisIndex,trials.thisRepN,trials.thisTrialN,trials.thisN,trials.thisIndex,trials_2.thisRepN,trials_2.thisTrialN,trials_2.thisN,trials_2.thisIndex,N_prac,trials_4.thisRepN,trials_4.thisTrialN,trials_4.thisN,trials_4.thisIndex,key_resp_9.keys,key_resp_9.rt,key_resp_9.started,key_resp_9.stopped,text_6.started,text_6.stopped,image.started,image.stopped,key_resp_10.keys,key_resp_10.rt,key_resp_10.started,key_resp_10.stopped,key_resp_11.keys,key_resp_11.rt,key_resp_11.started,key_resp_11.stopped,image_2.started,image_2.stopped,image_3.started,image_3.stopped,key_resp_12.keys,key_resp_12.rt,key_resp_12.started,key_resp_12.stopped,text_2.started,text_2.stopped,fixation_start.started,fixation_start.stopped,trialCount,itemPresented,trialType,fixation_3.started,fixation_3.stopped,letter_0back.started,letter_0back.stopped,key_resp_5.keys,key_resp_5.corr,key_resp_5.rt,key_resp_5.started,key_resp_5.stopped,pracRep0,text_4.started,text_4.stopped,key_resp_7.keys,key_resp_7.rt,key_resp_7.started,key_resp_7.stopped,participant,session,date,expName,psychopyVersion,frameRate,
,,,,,,,,,,,,,,,,,space,577.8176169999642,11.217028200044297,None,,,,,,,,,,,,,,,,,,,,,,,,,,,,,,,,,,,,,,,,,,,,,1,2021_Jun_15_1004,nBack_prac,2020.2.5,60.044553090077144,
,,,,,,,,,,,,,,,,,,,,,11.217028200044297,None,589.073056000052,None,space,125.64515699993353,589.073056000052,None,,,,,,,,,,,,,,,,,,,,,,,,,,,,,,,,,,,,,1,2021_Jun_15_1004,nBack_prac,2020.2.5,60.044553090077144,
,,,,,,,,,,,,,,,,,,,,,,,,,,,,,space,77.58676400000695,714.7562996000051,None,,,,,,,,,,,,,,,,,,,,,,,,,,,,,,,,,1,2021_Jun_15_1004,nBack_prac,2020.2.5,60.044553090077144,
,,,,,,,,,,,,,,,,,,,,,,,,,,,,,,,,,714.7562996000051,None,792.387302499963,None,space,116.43448639998678,792.387302499963,None,,,,,,,,,,,,,,,,,,,,,,,,,1,2021_Jun_15_1004,nBack_prac,2020.2.5,60.044553090077144,
0,0,0,0,0,0,0,0,,,,,,,,,,,,,,,,,,,,,,,,,,,,,,,,,,908.8570033999858,None,932.0890019000508,None,0,T,0,934.5712438999908,936.571364399977,934.1078173000133,934.622434400022,left,1,0.5014335999730974,934.1078173000133,None,,,,,,,,,1,2021_Jun_15_1004,nBack_prac,2020.2.5,60.044553090077144,
0,0,0,0,,,,,,,,,,,,,,,,,,,,,,,,,,,,,,,,,,,,,,,,,,,,,,,,,,,,,,1,936.6221654000692,None,space,1.5205895999679342,936.6221654000692,None,,1,2021_Jun_15_1004,nBack_prac,2020.2.5,60.044553090077144,
