﻿trials_3.thisRepN,trials_3.thisTrialN,trials_3.thisN,trials_3.thisIndex,trials.thisRepN,trials.thisTrialN,trials.thisN,trials.thisIndex,Image1.started,Image1.stopped,key_resp_9.keys,key_resp_9.rt,key_resp_9.started,key_resp_9.stopped,image.started,image.stopped,key_resp_10.keys,key_resp_10.rt,key_resp_10.started,key_resp_10.stopped,key_resp_11.keys,key_resp_11.rt,key_resp_11.started,key_resp_11.stopped,image_2.started,image_2.stopped,image_3.started,image_3.stopped,key_resp_12.keys,key_resp_12.rt,key_resp_12.started,key_resp_12.stopped,text_2.started,text_2.stopped,fixation_start.started,fixation_start.stopped,trialCount,itemPresented,trialType,participant,session,date,expName,psychopyVersion,frameRate,
,,,,,,,,8.551872299984097,None,space,0.434805900324136,8.551872299984097,None,,,,,,,,,,,,,,,,,,,,,,,,,,,1,2021_Jun_06_1247,nBack_prac,2020.2.5,59.731911183626494,
,,,,,,,,,,,,,,9.025368299800903,None,space,1.7292372002266347,9.025368299800903,None,,,,,,,,,,,,,,,,,,,,,1,2021_Jun_06_1247,nBack_prac,2020.2.5,59.731911183626494,
,,,,,,,,,,,,,,,,,,,,space,3.439625999890268,10.79047999996692,None,,,,,,,,,,,,,,,,,1,2021_Jun_06_1247,nBack_prac,2020.2.5,59.731911183626494,
,,,,,,,,,,,,,,,,,,,,,,,,10.79047999996692,None,14.273886799812317,None,space,0.7637467002496123,14.273886799812317,None,,,,,,,,,1,2021_Jun_06_1247,nBack_prac,2020.2.5,59.731911183626494,
,,,,,,,,,,,,,,,,,,,,,,,,,,,,,,,,15.073797899764031,None,15.859223899897188,None,0,C,0,,,,,,,
