﻿key_resp_9.keys,key_resp_9.rt,key_resp_9.started,key_resp_9.stopped,text_6.started,text_6.stopped,image.started,image.stopped,key_resp_10.keys,key_resp_10.rt,key_resp_10.started,key_resp_10.stopped,key_resp_11.keys,key_resp_11.rt,key_resp_11.started,key_resp_11.stopped,image_2.started,image_2.stopped,participant,session,date,expName,psychopyVersion,frameRate,
space,7.916043599951081,10.231878700084053,None,,,,,,,,,,,,,,,,1,2021_Jun_15_0917,nBack_prac,2020.2.5,59.831084876580306,
,,,,10.231878700084053,None,18.18145060003735,None,space,6.465917699970305,18.18145060003735,None,,,,,,,,1,2021_Jun_15_0917,nBack_prac,2020.2.5,59.831084876580306,
,,,,,,,,,,,,space,10.688848400022835,24.682868600008078,None,,,,1,2021_Jun_15_0917,nBack_prac,2020.2.5,59.831084876580306,
,,,,,,,,,,,,,,,,24.682868600008078,None,,,,,,,
