﻿N_Trial,trials_7.thisRepN,trials_7.thisTrialN,trials_7.thisN,trials_7.thisIndex,trials.thisRepN,trials.thisTrialN,trials.thisN,trials.thisIndex,trials_4.thisRepN,trials_4.thisTrialN,trials_4.thisN,trials_4.thisIndex,N_trial,text_3.started,text_3.stopped,warmUp.started,warmUp.stopped,fixation_start.started,fixation_start.stopped,trialCount,itemPresented,trialType,fixation.started,fixation.stopped,letter_0back.started,letter_0back.stopped,key_resp_5.keys,key_resp_5.corr,key_resp_5.rt,key_resp_5.started,key_resp_5.stopped,stimPort.started,stimPort.stopped,text_7.started,text_7.stopped,key_resp_11.keys,key_resp_11.rt,key_resp_11.started,key_resp_11.stopped,participant,session,date,expName,psychopyVersion,frameRate,
0,0,0,0,2,0,0,0,0,,,,,,9.168219499988481,None,0.011579880025237799,None,15.801600300008431,None,0,D,0,18.284790800185874,None,17.817227500025183,18.317137700039893,left,1,1.174388000043109,17.836508200038224,None,0.009168379940092564,0.03438127995468676,,,,,,,,1,2021_Jun_21_0530,nBack_exp_v2,2020.2.5,60.2476782254707,
0,0,0,0,2,,,,,,,,,,,,,,,,,,,,,,,,,,,,,,,,,,,,,1,2021_Jun_21_0530,nBack_exp_v2,2020.2.5,60.2476782254707,
0,0,1,1,1,0,0,0,0,,,,,,20.300585300195962,None,None,None,22.33023690013215,None,1,X,1,24.870657100109383,None,24.3349484000355,24.87934850016609,left,0,0.425444999942556,24.35244240006432,26.867365500191227,0.012042880058288574,0.025853879982605577,,,,,,,,1,2021_Jun_21_0530,nBack_exp_v2,2020.2.5,60.2476782254707,
0,0,1,1,1,,,,,,,,,,,,,,,,,,,,,,,,,,,,,,,,,,,,,1,2021_Jun_21_0530,nBack_exp_v2,2020.2.5,60.2476782254707,
0,0,2,2,0,0,0,0,0,,,,,,26.88489089999348,None,None,None,28.835452100029215,None,2,G,0,31.316996100125834,33.317631900077686,30.85220120009035,31.434005400165915,left,1,0.44359309994615614,30.867487700190395,None,0.010617780033499002,0.038427280029281974,,,,,,,,1,2021_Jun_21_0530,nBack_exp_v2,2020.2.5,60.2476782254707,
0,0,2,2,0,,,,,,,,,,,,,,,,,,,,,,,,,,,,,,,,,,,,,1,2021_Jun_21_0530,nBack_exp_v2,2020.2.5,60.2476782254707,
0,0,3,3,3,0,0,0,0,,,,,,33.36843660008162,None,None,None,34.2003378001973,None,3,T,0,36.684326600050554,38.685738700209185,36.20183919998817,36.76451180013828,left,1,0.4512072999496013,36.218540700152516,None,0.009688680060207844,0.021143380086869,,,,,,,,1,2021_Jun_21_0530,nBack_exp_v2,2020.2.5,60.2476782254707,
0,0,3,3,3,,,,,,,,,,,,,,,,,,,,,,,,,,,,,,,,,,,,,1,2021_Jun_21_0530,nBack_exp_v2,2020.2.5,60.2476782254707,
,,,,,,,,,,,,,,,,,,,,,,,,,,,,,,,,,,38.77259370009415,None,space,0.2829223999287933,39.75072560016997,None,,,,,,,
