﻿key_resp_9.keys,key_resp_9.rt,key_resp_9.started,key_resp_9.stopped,text_6.started,text_6.stopped,image.started,image.stopped,key_resp_10.keys,key_resp_10.rt,key_resp_10.started,key_resp_10.stopped,key_resp_11.keys,key_resp_11.rt,key_resp_11.started,key_resp_11.stopped,image_2.started,image_2.stopped,participant,session,date,expName,psychopyVersion,frameRate,
space,1.8731994999980088,13.419679000013275,None,,,,,,,,,,,,,,,,1,2021_Jun_11_0848,nBack_prac,2020.2.5,29.96188249148267,
,,,,13.419679000013275,None,15.403192099998705,None,space,11.05852339998819,15.403192099998705,None,,,,,,,,1,2021_Jun_11_0848,nBack_prac,2020.2.5,29.96188249148267,
,,,,,,,,,,,,space,16.31307909998577,26.49677800000063,None,,,,1,2021_Jun_11_0848,nBack_prac,2020.2.5,29.96188249148267,
,,,,,,,,,,,,,,,,26.49677800000063,None,,,,,,,
