﻿trials_3.thisRepN,trials_3.thisTrialN,trials_3.thisN,trials_3.thisIndex,trials.thisRepN,trials.thisTrialN,trials.thisN,trials.thisIndex,trials_2.thisRepN,trials_2.thisTrialN,trials_2.thisN,trials_2.thisIndex,N_prac,trials_4.thisRepN,trials_4.thisTrialN,trials_4.thisN,trials_4.thisIndex,key_resp_9.keys,key_resp_9.rt,key_resp_9.started,key_resp_9.stopped,text_6.started,text_6.stopped,image.started,image.stopped,key_resp_10.keys,key_resp_10.rt,key_resp_10.started,key_resp_10.stopped,key_resp_11.keys,key_resp_11.rt,key_resp_11.started,key_resp_11.stopped,image_2.started,image_2.stopped,image_3.started,image_3.stopped,key_resp_12.keys,key_resp_12.rt,key_resp_12.started,key_resp_12.stopped,text_2.started,text_2.stopped,fixation_start.started,fixation_start.stopped,trialCount,itemPresented,trialType,fixation_3.started,fixation_3.stopped,letter_0back.started,letter_0back.stopped,key_resp_5.keys,key_resp_5.corr,key_resp_5.rt,key_resp_5.started,key_resp_5.stopped,pracRep0,text_4.started,text_4.stopped,key_resp_7.keys,key_resp_7.rt,key_resp_7.started,key_resp_7.stopped,participant,session,date,expName,psychopyVersion,frameRate,
,,,,,,,,,,,,,,,,,space,0.7053104999940842,10.673708000103943,None,,,,,,,,,,,,,,,,,,,,,,,,,,,,,,,,,,,,,,,,,,,,,1,2021_Jun_15_1020,nBack_prac,2020.2.5,60.934107717772235,
,,,,,,,,,,,,,,,,,,,,,10.673708000103943,None,11.422908900072798,None,space,0.34088630008045584,11.422908900072798,None,,,,,,,,,,,,,,,,,,,,,,,,,,,,,,,,,,,,,1,2021_Jun_15_1020,nBack_prac,2020.2.5,60.934107717772235,
,,,,,,,,,,,,,,,,,,,,,,,,,,,,,space,0.29057469998952,11.807585500064306,None,,,,,,,,,,,,,,,,,,,,,,,,,,,,,,,,,1,2021_Jun_15_1020,nBack_prac,2020.2.5,60.934107717772235,
,,,,,,,,,,,,,,,,,,,,,,,,,,,,,,,,,11.807585500064306,None,12.120739500038326,None,space,0.3603135000448674,12.120739500038326,None,,,,,,,,,,,,,,,,,,,,,,,,,1,2021_Jun_15_1020,nBack_prac,2020.2.5,60.934107717772235,
0,0,0,0,0,0,0,0,,,,,,,,,,,,,,,,,,,,,,,,,,,,,,,,,,12.50682480004616,None,14.123277500038967,None,0,N,0,16.607245900086127,18.60667510004714,16.124122600071132,16.625818000058644,left,1,0.46319780009798706,16.124122600071132,None,,,,,,,,,1,2021_Jun_15_1020,nBack_prac,2020.2.5,60.934107717772235,
0,0,0,0,1,0,1,0,,,,,,,,,,,,,,,,,,,,,,,,,,,,,,,,,,,,,,1,D,0,19.106423799996264,21.10659380001016,18.626060600043274,19.140732100000605,left,1,0.4002531999722123,18.626060600043274,None,,,,,,,,,1,2021_Jun_15_1020,nBack_prac,2020.2.5,60.934107717772235,
0,0,0,0,2,0,2,0,,,,,,,,,,,,,,,,,,,,,,,,,,,,,,,,,,,,,,2,X,1,21.606695900089107,23.607993100071326,21.12414150009863,21.625198399997316,right,1,0.8188869999721646,21.12414150009863,None,,,,,,,,,1,2021_Jun_15_1020,nBack_prac,2020.2.5,60.934107717772235,
0,0,0,0,3,0,3,0,,,,,,,,,,,,,,,,,,,,,,,,,,,,,,,,,,,,,,3,B,0,24.106432300060987,26.10653520002961,23.624310899991542,24.140263800043613,left,1,0.38693569996394217,23.624310899991542,None,,,,,,,,,1,2021_Jun_15_1020,nBack_prac,2020.2.5,60.934107717772235,
0,0,0,0,4,0,4,0,,,,,,,,,,,,,,,,,,,,,,,,,,,,,,,,,,,,,,4,X,1,26.609063400072046,None,26.12427800009027,26.62321210000664,right,1,0.4367951999884099,26.12427800009027,None,,,,,,,,,1,2021_Jun_15_1020,nBack_prac,2020.2.5,60.934107717772235,
0,0,0,0,5,0,5,0,,,,,,,,,,,,,,,,,,,,,,,,,,,,,,,,,,,,,,5,T,0,29.108881700085476,31.106386200059205,28.623327400069684,29.12421710009221,left,1,0.40772979997564107,28.623327400069684,None,,,,,,,,,1,2021_Jun_15_1020,nBack_prac,2020.2.5,60.934107717772235,
0,0,0,0,,,,,,,,,,,,,,,,,,,,,,,,,,,,,,,,,,,,,,,,,,,,,,,,,,,,,,1,31.141060800058767,None,space,1.0879302999237552,31.141060800058767,None,,1,2021_Jun_15_1020,nBack_prac,2020.2.5,60.934107717772235,
