﻿trials_3.thisRepN,trials_3.thisTrialN,trials_3.thisN,trials_3.thisIndex,trials_2.thisRepN,trials_2.thisTrialN,trials_2.thisN,trials_2.thisIndex,N_prac,trials_4.thisRepN,trials_4.thisTrialN,trials_4.thisN,trials_4.thisIndex,key_resp_9.keys,key_resp_9.rt,key_resp_9.started,key_resp_9.stopped,text_6.started,text_6.stopped,image.started,image.stopped,key_resp_10.keys,key_resp_10.rt,key_resp_10.started,key_resp_10.stopped,key_resp_11.keys,key_resp_11.rt,key_resp_11.started,key_resp_11.stopped,image_2.started,image_2.stopped,image_3.started,image_3.stopped,key_resp_12.keys,key_resp_12.rt,key_resp_12.started,key_resp_12.stopped,instructionsTxt.started,instructionsTxt.stopped,participant,session,date,expName,psychopyVersion,frameRate,
,,,,,,,,,,,,,space,12.190016399952583,11.333233300014399,None,,,,,,,,,,,,,,,,,,,,,,,,1,2021_Jun_15_0835,nBack_prac,2020.2.5,59.71268640530124,
,,,,,,,,,,,,,,,,,11.333233300014399,None,23.566355300019495,None,space,13.803232600097544,23.566355300019495,None,,,,,,,,,,,,,,,,1,2021_Jun_15_0835,nBack_prac,2020.2.5,59.71268640530124,
,,,,,,,,,,,,,,,,,,,,,,,,,space,18.09844339999836,37.41940360004082,None,,,,,,,,,,,,1,2021_Jun_15_0835,nBack_prac,2020.2.5,59.71268640530124,
,,,,,,,,,,,,,,,,,,,,,,,,,,,,,37.41940360004082,None,55.55078510008752,None,space,18.32377329992596,55.55078510008752,None,,,,1,2021_Jun_15_0835,nBack_prac,2020.2.5,59.71268640530124,
,,,,,,,,,,,,,,,,,,,,,,,,,,,,,,,,,,,,,73.98295970004983,None,,,,,,,
