﻿trials_3.thisRepN,trials_3.thisTrialN,trials_3.thisN,trials_3.thisIndex,key_resp_9.keys,key_resp_9.rt,key_resp_9.started,key_resp_9.stopped,text_6.started,text_6.stopped,image.started,image.stopped,key_resp_10.keys,key_resp_10.rt,key_resp_10.started,key_resp_10.stopped,key_resp_11.keys,key_resp_11.rt,key_resp_11.started,key_resp_11.stopped,image_2.started,image_2.stopped,image_3.started,image_3.stopped,key_resp_12.keys,key_resp_12.rt,key_resp_12.started,key_resp_12.stopped,participant,session,date,expName,psychopyVersion,frameRate,
,,,,space,4.105836800066754,9.671328000025824,None,,,,,,,,,,,,,,,,,,,,,,1,2021_Jun_17_0539,nBack_prac,2020.2.5,60.04466120957431,
,,,,,,,,9.671328000025824,None,13.821214399999008,None,space,10.088294399902225,13.821214399999008,None,,,,,,,,,,,,,,1,2021_Jun_17_0539,nBack_prac,2020.2.5,60.04466120957431,
,,,,,,,,,,,,,,,,space,7.891633899998851,23.935043400037102,None,,,,,,,,,,1,2021_Jun_17_0539,nBack_prac,2020.2.5,60.04466120957431,
,,,,,,,,,,,,,,,,,,,,23.935043400037102,None,31.871974500012584,None,space,7.851980100036599,31.871974500012584,None,,1,2021_Jun_17_0539,nBack_prac,2020.2.5,60.04466120957431,
