﻿trials_3.thisRepN,trials_3.thisTrialN,trials_3.thisN,trials_3.thisIndex,Image1.started,Image1.stopped,key_resp_9.keys,key_resp_9.rt,key_resp_9.started,key_resp_9.stopped,image.started,image.stopped,key_resp_10.keys,key_resp_10.rt,key_resp_10.started,key_resp_10.stopped,key_resp_11.keys,key_resp_11.rt,key_resp_11.started,key_resp_11.stopped,image_2.started,image_2.stopped,image_3.started,image_3.stopped,key_resp_12.keys,key_resp_12.rt,key_resp_12.started,key_resp_12.stopped,participant,session,date,expName,psychopyVersion,frameRate,
,,,,8.763509700074792,None,space,1.5191236999817193,8.763509700074792,None,,,,,,,,,,,,,,,,,,,,1,2021_Jun_06_1241,nBack_prac,2020.2.5,60.776751190493314,
,,,,,,,,,,10.317533600144088,None,space,2.4088646001182497,10.317533600144088,None,,,,,,,,,,,,,,1,2021_Jun_06_1241,nBack_prac,2020.2.5,60.776751190493314,
,,,,,,,,,,,,,,,,space,1.2411691998131573,12.769797000102699,None,,,,,,,,,,1,2021_Jun_06_1241,nBack_prac,2020.2.5,60.776751190493314,
,,,,,,,,,,,,,,,,,,,,12.769797000102699,None,14.052860999945551,None,space,1.0896982997655869,14.052860999945551,None,,1,2021_Jun_06_1241,nBack_prac,2020.2.5,60.776751190493314,
