﻿key_resp_9.keys,key_resp_9.rt,key_resp_9.started,key_resp_9.stopped,text_6.started,text_6.stopped,image.started,image.stopped,key_resp_10.keys,key_resp_10.rt,key_resp_10.started,key_resp_10.stopped,key_resp_11.keys,key_resp_11.rt,key_resp_11.started,key_resp_11.stopped,image_2.started,image_2.stopped,participant,session,date,expName,psychopyVersion,frameRate,
space,9.752065400010906,9.472017099964432,None,,,,,,,,,,,,,,,,1,2021_Jun_15_0920,nBack_prac,2020.2.5,59.90983570814604,
,,,,9.472017099964432,None,19.271499800030142,None,space,1.9454548000358045,19.271499800030142,None,,,,,,,,1,2021_Jun_15_0920,nBack_prac,2020.2.5,59.90983570814604,
,,,,,,,,,,,,space,13.182863300084136,21.235639299964532,None,,,,1,2021_Jun_15_0920,nBack_prac,2020.2.5,59.90983570814604,
,,,,,,,,,,,,,,,,21.235639299964532,None,,,,,,,
