﻿N_prac,trials_3.thisRepN,trials_3.thisTrialN,trials_3.thisN,trials_3.thisIndex,trials.thisRepN,trials.thisTrialN,trials.thisN,trials.thisIndex,trials_2.thisRepN,trials_2.thisTrialN,trials_2.thisN,trials_2.thisIndex,trials_4.thisRepN,trials_4.thisTrialN,trials_4.thisN,trials_4.thisIndex,trials_8.thisRepN,trials_8.thisTrialN,trials_8.thisN,trials_8.thisIndex,key_resp_9.keys,key_resp_9.rt,key_resp_9.started,key_resp_9.stopped,text_6.started,text_6.stopped,image.started,image.stopped,key_resp_10.keys,key_resp_10.rt,key_resp_10.started,key_resp_10.stopped,key_resp_11.keys,key_resp_11.rt,key_resp_11.started,key_resp_11.stopped,image_2.started,image_2.stopped,image_3.started,image_3.stopped,key_resp_12.keys,key_resp_12.rt,key_resp_12.started,key_resp_12.stopped,text_2.started,text_2.stopped,fixation_start.started,fixation_start.stopped,trialCount,itemPresented,trialType,fixation_3.started,fixation_3.stopped,letter_0back.started,letter_0back.stopped,key_resp_5.keys,key_resp_5.corr,key_resp_5.rt,key_resp_5.started,key_resp_5.stopped,pracRep0,text_4.started,text_4.stopped,key_resp_7.keys,key_resp_7.rt,key_resp_7.started,key_resp_7.stopped,instructionsTxt.started,instructionsTxt.stopped,fixation.started,fixation.stopped,letter.started,letter.stopped,key_resp_2.keys,key_resp_2.corr,key_resp_2.rt,key_resp_2.started,key_resp_2.stopped,text_5.started,text_5.stopped,key_resp_8.keys,key_resp_8.rt,key_resp_8.started,key_resp_8.stopped,participant,session,date,expName,psychopyVersion,frameRate,
,,,,,,,,,,,,,,,,,,,,,space,0.39708889997564256,8.043200099957176,None,,,,,,,,,,,,,,,,,,,,,,,,,,,,,,,,,,,,,,,,,,,,,,,,,,,,,,,,,,,,,,1,2021_Jun_15_1022,nBack_prac,2020.2.5,59.41918931280066,
,,,,,,,,,,,,,,,,,,,,,,,,,8.043200099957176,None,8.476122100022621,None,space,0.2061883999267593,8.476122100022621,None,,,,,,,,,,,,,,,,,,,,,,,,,,,,,,,,,,,,,,,,,,,,,,,,,,,,,,1,2021_Jun_15_1022,nBack_prac,2020.2.5,59.41918931280066,
,,,,,,,,,,,,,,,,,,,,,,,,,,,,,,,,,space,0.20428459998220205,8.706960499985144,None,,,,,,,,,,,,,,,,,,,,,,,,,,,,,,,,,,,,,,,,,,,,,,,,,,1,2021_Jun_15_1022,nBack_prac,2020.2.5,59.41918931280066,
,,,,,,,,,,,,,,,,,,,,,,,,,,,,,,,,,,,,,8.706960499985144,None,8.976235199952498,None,space,0.16574780002702028,8.976235199952498,None,,,,,,,,,,,,,,,,,,,,,,,,,,,,,,,,,,,,,,,,,,1,2021_Jun_15_1022,nBack_prac,2020.2.5,59.41918931280066,
,0,0,0,0,0,0,0,0,,,,,,,,,,,,,,,,,,,,,,,,,,,,,,,,,,,,,9.159429699997418,None,9.993871800019406,None,0,D,0,12.475882000057027,14.47604149999097,11.993936900049448,12.509944200050086,left,1,1.4589126000646502,11.993936900049448,None,,,,,,,,,,,,,,,,,,,,,,,,,,1,2021_Jun_15_1022,nBack_prac,2020.2.5,59.41918931280066,
,0,0,0,0,1,0,1,0,,,,,,,,,,,,,,,,,,,,,,,,,,,,,,,,,,,,,,,,,1,T,0,14.976356499944814,16.976522600045428,14.488619099953212,14.994666900020093,left,1,2.4148521000752226,14.488619099953212,None,,,,,,,,,,,,,,,,,,,,,,,,,,1,2021_Jun_15_1022,nBack_prac,2020.2.5,59.41918931280066,
,0,0,0,0,2,0,2,0,,,,,,,,,,,,,,,,,,,,,,,,,,,,,,,,,,,,,,,,,2,X,1,17.47957279998809,None,16.993896799976937,17.492561600054614,left,0,0.3251820000587031,16.993896799976937,None,,,,,,,,,,,,,,,,,,,,,,,,,,1,2021_Jun_15_1022,nBack_prac,2020.2.5,59.41918931280066,
,0,0,0,0,3,0,3,0,,,,,,,,,,,,,,,,,,,,,,,,,,,,,,,,,,,,,,,,,3,B,0,19.977629899978638,21.97628069994971,19.494052699999884,19.99274510005489,left,1,0.10171319998335093,19.494052699999884,None,,,,,,,,,,,,,,,,,,,,,,,,,,1,2021_Jun_15_1022,nBack_prac,2020.2.5,59.41918931280066,
,0,0,0,0,4,0,4,0,,,,,,,,,,,,,,,,,,,,,,,,,,,,,,,,,,,,,,,,,4,X,1,22.476094100042246,24.478372000041418,21.995561499963515,22.51039369998034,left,0,0.27528230007737875,21.995561499963515,None,,,,,,,,,,,,,,,,,,,,,,,,,,1,2021_Jun_15_1022,nBack_prac,2020.2.5,59.41918931280066,
,0,0,0,0,5,0,5,0,,,,,,,,,,,,,,,,,,,,,,,,,,,,,,,,,,,,,,,,,5,F,0,24.97620979999192,26.978217200026847,24.511246499954723,25.026247499976307,right,0,0.43870189995504916,24.511246499954723,None,,,,,,,,,,,,,,,,,,,,,,,,,,1,2021_Jun_15_1022,nBack_prac,2020.2.5,59.41918931280066,
,0,0,0,0,,,,,,,,,,,,,,,,,,,,,,,,,,,,,,,,,,,,,,,,,,,,,,,,,,,,,,,,,2,27.026002899976447,None,space,1.065284000011161,27.026002899976447,None,,,,,,,,,,,,,,,,,,,1,2021_Jun_15_1022,nBack_prac,2020.2.5,59.41918931280066,
1,,,,,,,,,0,0,0,0,0,0,0,0,0,0,0,0,,,,,,,,,,,,,,,,,,,,,,,,,,,74.27228669996839,None,6,B,0,,,,,,,,,,,,,,,,,28.17583129997365,None,76.76075440004934,78.76133909996133,76.27758710004855,76.78061929997057,left,1,0.9886778999352828,76.27758710004855,None,,,,,,,,1,2021_Jun_15_1022,nBack_prac,2020.2.5,59.41918931280066,
1,,,,,,,,,0,0,0,0,0,0,0,0,,,,,,,,,,,,,,,,,,,,,,,,,,,,,,,,,,,,,,,,,,,,,,,,,,,,,,,,,,,,,,,78.79596440005116,None,space,1.0428271000273526,78.79596440005116,None,,1,2021_Jun_15_1022,nBack_prac,2020.2.5,59.41918931280066,
1,,,,,,,,,0,0,0,0,,,,,,,,,,,,,,,,,,,,,,,,,,,,,,,,,,,,,,,,,,,,,,,,,,,,,,,,,,,,,,,,,,,,,,,,,,1,2021_Jun_15_1022,nBack_prac,2020.2.5,59.41918931280066,
