﻿Image1.started,Image1.stopped,key_resp_9.keys,key_resp_9.rt,key_resp_9.started,key_resp_9.stopped,image.started,image.stopped,key_resp_10.keys,key_resp_10.rt,key_resp_10.started,key_resp_10.stopped,key_resp_11.keys,key_resp_11.rt,key_resp_11.started,key_resp_11.stopped,image_2.started,image_2.stopped,participant,session,date,expName,psychopyVersion,frameRate,
8.390242400113493,None,space,0.9410563996061683,8.390242400113493,None,,,,,,,,,,,,,,1,2021_Jun_06_1244,nBack_prac,2020.2.5,59.64046355237431,
,,,,,,9.364023100119084,None,space,1.9265310000628233,9.364023100119084,None,,,,,,,,1,2021_Jun_06_1244,nBack_prac,2020.2.5,59.64046355237431,
,,,,,,,,,,,,space,1.278872599825263,11.329054300207645,None,,,,1,2021_Jun_06_1244,nBack_prac,2020.2.5,59.64046355237431,
,,,,,,,,,,,,,,,,11.329054300207645,None,,,,,,,
