﻿Image1.started,Image1.stopped,key_resp_9.keys,key_resp_9.rt,key_resp_9.started,key_resp_9.stopped,image.started,image.stopped,key_resp_10.keys,key_resp_10.rt,key_resp_10.started,key_resp_10.stopped,key_resp_11.keys,key_resp_11.rt,key_resp_11.started,key_resp_11.stopped,image_2.started,image_2.stopped,participant,session,date,expName,psychopyVersion,frameRate,
7.241498299874365,None,space,2.7110218997113407,7.241498299874365,None,,,,,,,,,,,,,,1,2021_Jun_06_1246,nBack_prac,2020.2.5,60.128494633469295,
,,,,,,9.998018399812281,None,space,1.8483756999485195,9.998018399812281,None,,,,,,,,1,2021_Jun_06_1246,nBack_prac,2020.2.5,60.128494633469295,
,,,,,,,,,,,,space,1.171662200242281,11.880753499921411,None,,,,1,2021_Jun_06_1246,nBack_prac,2020.2.5,60.128494633469295,
,,,,,,,,,,,,,,,,11.880753499921411,None,,,,,,,
