﻿Image1.started,Image1.stopped,key_resp_9.keys,key_resp_9.rt,key_resp_9.started,key_resp_9.stopped,image.started,image.stopped,key_resp_10.keys,key_resp_10.rt,key_resp_10.started,key_resp_10.stopped,key_resp_11.keys,key_resp_11.rt,key_resp_11.started,key_resp_11.stopped,image_2.started,image_2.stopped,participant,session,date,expName,psychopyVersion,frameRate,
11.840432600001805,None,space,1.0944824000180233,11.840432600001805,None,,,,,,,,,,,,,,1,2021_Jun_11_0820,nBack_prac,2020.2.5,29.724669306978214,
,,,,,,13.004321799991885,None,space,0.5349091000098269,13.004321799991885,None,,,,,,,,1,2021_Jun_11_0820,nBack_prac,2020.2.5,29.724669306978214,
,,,,,,,,,,,,space,1.5554345000127796,13.596162300003925,None,,,,1,2021_Jun_11_0820,nBack_prac,2020.2.5,29.724669306978214,
,,,,,,,,,,,,,,,,13.596162300003925,None,,,,,,,
