﻿N_Trial,trials_7.thisRepN,trials_7.thisTrialN,trials_7.thisN,trials_7.thisIndex,trials.thisRepN,trials.thisTrialN,trials.thisN,trials.thisIndex,text_9.started,text_9.stopped,key_resp_10.keys,key_resp_10.rt,key_resp_10.started,key_resp_10.stopped,text_3.started,text_3.stopped,warmUp.started,warmUp.stopped,fixation_start.started,fixation_start.stopped,trialCount,itemPresented,trialType,fixation.started,fixation.stopped,letter_0back.started,letter_0back.stopped,key_resp_5.keys,key_resp_5.corr,key_resp_5.started,key_resp_5.stopped,stimPort.started,stimPort.stopped,key_resp_5.rt,participant,counterbalance,date,expName,psychopyVersion,frameRate,
,,,,,,,,,8.48243150000053,None,space,8.057137499999953,8.48243150000053,None,,,,,,,,,,,,,,,,,,,,,,2,2021_Jul_23_1738,nBack_exp_v2,2021.1.4,59.95243373882502,
0,0,0,0,2,0,0,0,0,,,,,,,16.565736700000343,None,0.013024760000917013,0.40920246000041516,17.982348300000012,None,0,D,0,20.465599299999667,22.465809500000432,19.98226859999977,20.48225730000013,None,0,19.999122700000044,None,0.012920060000396916,0.025955559999601974,,,2,2021_Jul_23_1738,nBack_exp_v2,2021.1.4,59.95243373882502,
0,0,0,0,2,1,0,1,0,,,,,,,,,,,,,1,C,0,22.982512399999905,24.98244969999996,22.50006360000043,23.00003639999977,left,1,22.515795700000126,None,0.013524560000405472,0.027970860000095854,1.023406999999679,,2,2021_Jul_23_1738,nBack_exp_v2,2021.1.4,59.95243373882502,
0,0,0,0,2,2,0,2,0,,,,,,,,,,,,,2,F,0,25.482426800000212,27.483541999999943,24.99998400000004,25.499945700000353,left,1,25.01573129999997,None,0.013380260000303679,0.027679960000568826,0.28336469999976543,,2,2021_Jul_23_1738,nBack_exp_v2,2021.1.4,59.95243373882502,
0,0,0,0,2,3,0,3,0,,,,,,,,,,,,,3,X,1,27.982324300000073,29.983100299999933,27.498966699999983,27.999857499999962,left,0,27.515686700000515,None,0.013682359998711036,0.02617085999918345,0.4635967000003802,,2,2021_Jul_23_1738,nBack_exp_v2,2021.1.4,59.95243373882502,
,,,,,,,,,,,,,,,,,,,,,4,P,0,,,,,,,,,,,,,,,,,,
