﻿key_resp_9.keys,key_resp_9.rt,key_resp_9.started,key_resp_9.stopped,text_6.started,text_6.stopped,image.started,image.stopped,key_resp_10.keys,key_resp_10.rt,key_resp_10.started,key_resp_10.stopped,key_resp_11.keys,key_resp_11.rt,key_resp_11.started,key_resp_11.stopped,image_2.started,image_2.stopped,image_3.started,image_3.stopped,key_resp_12.keys,key_resp_12.rt,key_resp_12.started,key_resp_12.stopped,participant,counterbalance,date,expName,psychopyVersion,frameRate,
space,1.4584212000481784,118.80313790007494,None,,,,,,,,,,,,,,,,,,,,,,1,2021_Jun_30_1800,nBack_prac,2020.2.5,60.047978350507535,
,,,,118.80313790007494,None,120.30452460004017,None,space,0.6899248999543488,120.30452460004017,None,,,,,,,,,,,,,,1,2021_Jun_30_1800,nBack_prac,2020.2.5,60.047978350507535,
,,,,,,,,,,,,space,1.209296900080517,121.04113320005126,None,,,,,,,,,,1,2021_Jun_30_1800,nBack_prac,2020.2.5,60.047978350507535,
,,,,,,,,,,,,,,,,121.04113320005126,None,122.29044060013257,None,space,1.0029935999773443,122.29044060013257,None,,1,2021_Jun_30_1800,nBack_prac,2020.2.5,60.047978350507535,
