﻿key_resp_9.keys,key_resp_9.rt,key_resp_9.started,key_resp_9.stopped,text_6.started,text_6.stopped,image.started,image.stopped,key_resp_10.keys,key_resp_10.rt,key_resp_10.started,key_resp_10.stopped,key_resp_11.keys,key_resp_11.rt,key_resp_11.started,key_resp_11.stopped,image_2.started,image_2.stopped,participant,session,date,expName,psychopyVersion,frameRate,
space,2.505655899993144,10.851315599982627,None,,,,,,,,,,,,,,,,1,2021_Jun_15_1056,nBack_prac,2020.2.5,None,
,,,,10.851315599982627,None,13.402445400017314,None,space,5.381454600021243,13.402445400017314,None,,,,,,,,1,2021_Jun_15_1056,nBack_prac,2020.2.5,None,
,,,,,,,,,,,,space,5.08768770005554,18.819054799969308,None,,,,1,2021_Jun_15_1056,nBack_prac,2020.2.5,None,
,,,,,,,,,,,,,,,,18.819054799969308,None,,,,,,,
