﻿n_trials,trials_7.thisRepN,trials_7.thisTrialN,trials_7.thisN,trials_7.thisIndex,trials_2.thisRepN,trials_2.thisTrialN,trials_2.thisN,trials_2.thisIndex,trials_4.thisRepN,trials_4.thisTrialN,trials_4.thisN,trials_4.thisIndex,warmUp.started,warmUp.stopped,text_7.started,text_7.stopped,key_resp_11.keys,key_resp_11.rt,key_resp_11.started,key_resp_11.stopped,participant,session,date,expName,psychopyVersion,frameRate,
2,,,,,0,0,0,1,,,,,0.009675200562924147,None,11.923929700162262,None,space,4.856055600102991,11.923929700162262,None,,1,2021_Jun_06_1127,nBack_exp_v2,2020.2.5,59.98213733710823,
1,,,,,0,1,1,0,,,,,,,16.82070120004937,None,space,0.9054470998235047,16.82070120004937,None,,1,2021_Jun_06_1127,nBack_exp_v2,2020.2.5,59.98213733710823,
1,,,,,1,0,2,0,,,,,,,17.77370260003954,None,space,0.22389320004731417,17.77370260003954,None,,1,2021_Jun_06_1127,nBack_exp_v2,2020.2.5,59.98213733710823,
2,,,,,1,1,3,1,,,,,,,18.039534999988973,None,space,0.21834789961576462,18.039534999988973,None,,1,2021_Jun_06_1127,nBack_exp_v2,2020.2.5,59.98213733710823,
