﻿trials_3.thisRepN,trials_3.thisTrialN,trials_3.thisN,trials_3.thisIndex,key_resp_9.keys,key_resp_9.rt,key_resp_9.started,key_resp_9.stopped,text_6.started,text_6.stopped,image.started,image.stopped,key_resp_10.keys,key_resp_10.rt,key_resp_10.started,key_resp_10.stopped,key_resp_11.keys,key_resp_11.rt,key_resp_11.started,key_resp_11.stopped,image_2.started,image_2.stopped,image_3.started,image_3.stopped,key_resp_12.keys,key_resp_12.rt,key_resp_12.started,key_resp_12.stopped,text_8.started,text_8.stopped,key_resp_14.keys,key_resp_14.rt,key_resp_14.started,key_resp_14.stopped,participant,counterbalance,date,expName,psychopyVersion,frameRate,
,,,,space,2.126262999998289,9.603554000001168,None,,,,,,,,,,,,,,,,,,,,,,,,,,,,1,2021_Jul_08_0727,nBack_prac,2020.2.5,60.028117171041046,
,,,,,,,,9.603554000001168,None,11.771009499992942,None,space,7.1032313000032445,11.771009499992942,None,,,,,,,,,,,,,,,,,,,,1,2021_Jul_08_0727,nBack_prac,2020.2.5,60.028117171041046,
,,,,,,,,,,,,,,,,space,5.816675800000667,18.905397900001844,None,,,,,,,,,,,,,,,,1,2021_Jul_08_0727,nBack_prac,2020.2.5,60.028117171041046,
,,,,,,,,,,,,,,,,,,,,18.905397900001844,None,24.754858300002525,None,space,5.062854200004949,24.754858300002525,None,,,,,,,,1,2021_Jul_08_0727,nBack_prac,2020.2.5,60.028117171041046,
,,,,,,,,,,,,,,,,,,,,,,,,,,,,29.837698000003,None,space,18.868278199995984,29.837698000003,None,,1,2021_Jul_08_0727,nBack_prac,2020.2.5,60.028117171041046,
