﻿trials_3.thisRepN,trials_3.thisTrialN,trials_3.thisN,trials_3.thisIndex,trials.thisRepN,trials.thisTrialN,trials.thisN,trials.thisIndex,key_resp_9.keys,key_resp_9.rt,key_resp_9.started,key_resp_9.stopped,text_6.started,text_6.stopped,image.started,image.stopped,key_resp_10.keys,key_resp_10.rt,key_resp_10.started,key_resp_10.stopped,key_resp_11.keys,key_resp_11.rt,key_resp_11.started,key_resp_11.stopped,image_2.started,image_2.stopped,image_3.started,image_3.stopped,key_resp_12.keys,key_resp_12.rt,key_resp_12.started,key_resp_12.stopped,text_8.started,text_8.stopped,key_resp_14.keys,key_resp_14.rt,key_resp_14.started,key_resp_14.stopped,text_2.started,text_2.stopped,fixation_start.started,fixation_start.stopped,trialCount,itemPresented,trialType,participant,counterbalance,date,expName,psychopyVersion,frameRate,
,,,,,,,,space,1.2891853998880833,12.088403400033712,None,,,,,,,,,,,,,,,,,,,,,,,,,,,,,,,,,,,1,2021_Jun_30_1756,nBack_prac,2020.2.5,59.95020530135537,
,,,,,,,,,,,,12.088403400033712,None,13.422191899968311,None,space,0.814807299990207,13.422191899968311,None,,,,,,,,,,,,,,,,,,,,,,,,,,,1,2021_Jun_30_1756,nBack_prac,2020.2.5,59.95020530135537,
,,,,,,,,,,,,,,,,,,,,space,7.332677599973977,14.272178000072017,None,,,,,,,,,,,,,,,,,,,,,,,1,2021_Jun_30_1756,nBack_prac,2020.2.5,59.95020530135537,
,,,,,,,,,,,,,,,,,,,,,,,,14.272178000072017,None,21.622663600137457,None,space,3.1073072000872344,21.622663600137457,None,,,,,,,,,,,,,,,1,2021_Jun_30_1756,nBack_prac,2020.2.5,59.95020530135537,
,,,,,,,,,,,,,,,,,,,,,,,,,,,,,,,,24.750107300002128,None,space,5.045758799882606,24.750107300002128,None,,,,,,,,,1,2021_Jun_30_1756,nBack_prac,2020.2.5,59.95020530135537,
,,,,,,,,,,,,,,,,,,,,,,,,,,,,,,,,,,,,,,29.826034999918193,None,31.840612899977714,None,0,F,0,,,,,,,
