﻿trials_3.thisRepN,trials_3.thisTrialN,trials_3.thisN,trials_3.thisIndex,trials.thisRepN,trials.thisTrialN,trials.thisN,trials.thisIndex,Image1.started,Image1.stopped,key_resp_9.keys,key_resp_9.rt,key_resp_9.started,key_resp_9.stopped,image.started,image.stopped,key_resp_10.keys,key_resp_10.rt,key_resp_10.started,key_resp_10.stopped,key_resp_11.keys,key_resp_11.rt,key_resp_11.started,key_resp_11.stopped,image_2.started,image_2.stopped,image_3.started,image_3.stopped,key_resp_12.keys,key_resp_12.rt,key_resp_12.started,key_resp_12.stopped,text_2.started,text_2.stopped,fixation_start.started,fixation_start.stopped,trialCount,itemPresented,trialType,participant,session,date,expName,psychopyVersion,frameRate,
,,,,,,,,19.712546300026588,None,space,1.0460728000034578,19.712546300026588,None,,,,,,,,,,,,,,,,,,,,,,,,,,,1,2021_Jun_11_0731,nBack_prac,2020.2.5,None,
,,,,,,,,,,,,,,20.82197720001568,None,space,0.6882834999996703,20.82197720001568,None,,,,,,,,,,,,,,,,,,,,,1,2021_Jun_11_0731,nBack_prac,2020.2.5,None,
,,,,,,,,,,,,,,,,,,,,space,0.7115296999982093,21.57943530002376,None,,,,,,,,,,,,,,,,,1,2021_Jun_11_0731,nBack_prac,2020.2.5,None,
,,,,,,,,,,,,,,,,,,,,,,,,21.57943530002376,None,22.3460180000111,None,space,0.6214342000021134,22.3460180000111,None,,,,,,,,,1,2021_Jun_11_0731,nBack_prac,2020.2.5,None,
,,,,,,,,,,,,,,,,,,,,,,,,,,,,,,,,23.021977400028845,None,30.892842500004917,None,0,C,0,,,,,,,
