﻿Image1.started,Image1.stopped,key_resp_9.keys,key_resp_9.rt,key_resp_9.started,key_resp_9.stopped,image.started,image.stopped,key_resp_10.keys,key_resp_10.rt,key_resp_10.started,key_resp_10.stopped,key_resp_11.keys,key_resp_11.rt,key_resp_11.started,key_resp_11.stopped,image_2.started,image_2.stopped,participant,session,date,expName,psychopyVersion,frameRate,
13.013739699992584,None,space,1.0849808000202756,13.013739699992584,None,,,,,,,,,,,,,,1,2021_Jun_11_0819,nBack_prac,2020.2.5,30.040241908482205,
,,,,,,14.140605299995514,None,space,0.4226798999879975,14.140605299995514,None,,,,,,,,1,2021_Jun_11_0819,nBack_prac,2020.2.5,30.040241908482205,
,,,,,,,,,,,,space,0.48853660002350807,14.60754509997787,None,,,,1,2021_Jun_11_0819,nBack_prac,2020.2.5,30.040241908482205,
,,,,,,,,,,,,,,,,14.60754509997787,None,,,,,,,
