﻿trials_3.thisRepN,trials_3.thisTrialN,trials_3.thisN,trials_3.thisIndex,Image1.started,Image1.stopped,key_resp_9.keys,key_resp_9.rt,key_resp_9.started,key_resp_9.stopped,image.started,image.stopped,key_resp_10.keys,key_resp_10.rt,key_resp_10.started,key_resp_10.stopped,key_resp_11.keys,key_resp_11.rt,key_resp_11.started,key_resp_11.stopped,image_2.started,image_2.stopped,image_3.started,image_3.stopped,key_resp_12.keys,key_resp_12.rt,key_resp_12.started,key_resp_12.stopped,participant,session,date,expName,psychopyVersion,frameRate,
,,,,8.023513999767601,None,space,0.9529423997737467,8.023513999767601,None,,,,,,,,,,,,,,,,,,,,,2021_Jun_06_1249,nBack_prac,2020.2.5,59.61937788733501,
,,,,,,,,,,9.02509869961068,None,space,4.235416200011969,9.02509869961068,None,,,,,,,,,,,,,,,2021_Jun_06_1249,nBack_prac,2020.2.5,59.61937788733501,
,,,,,,,,,,,,,,,,space,3.4503393000923097,13.309173099696636,None,,,,,,,,,,,2021_Jun_06_1249,nBack_prac,2020.2.5,59.61937788733501,
,,,,,,,,,,,,,,,,,,,,13.309173099696636,None,16.80830019991845,None,space,8.877804200164974,16.80830019991845,None,,,2021_Jun_06_1249,nBack_prac,2020.2.5,59.61937788733501,
