﻿trials_3.thisRepN,trials_3.thisTrialN,trials_3.thisN,trials_3.thisIndex,trials.thisRepN,trials.thisTrialN,trials.thisN,trials.thisIndex,Image1.started,Image1.stopped,key_resp_9.keys,key_resp_9.rt,key_resp_9.started,key_resp_9.stopped,image.started,image.stopped,key_resp_10.keys,key_resp_10.rt,key_resp_10.started,key_resp_10.stopped,key_resp_11.keys,key_resp_11.rt,key_resp_11.started,key_resp_11.stopped,image_2.started,image_2.stopped,image_3.started,image_3.stopped,key_resp_12.keys,key_resp_12.rt,key_resp_12.started,key_resp_12.stopped,text_2.started,text_2.stopped,fixation_start.started,fixation_start.stopped,trialCount,itemPresented,trialType,participant,session,date,expName,psychopyVersion,frameRate,
,,,,,,,,10.65580839998438,None,space,0.7144100999867078,10.65580839998438,None,,,,,,,,,,,,,,,,,,,,,,,,,,,1,2021_Jun_11_0732,nBack_prac,2020.2.5,30.360227131190392,
,,,,,,,,,,,,,,11.43620500000543,None,space,0.5030442999850493,11.43620500000543,None,,,,,,,,,,,,,,,,,,,,,1,2021_Jun_11_0732,nBack_prac,2020.2.5,30.360227131190392,
,,,,,,,,,,,,,,,,,,,,space,0.7157259000232443,11.976408799993806,None,,,,,,,,,,,,,,,,,1,2021_Jun_11_0732,nBack_prac,2020.2.5,30.360227131190392,
,,,,,,,,,,,,,,,,,,,,,,,,11.976408799993806,None,12.78619990000152,None,space,0.7216428999963682,12.78619990000152,None,,,,,,,,,1,2021_Jun_11_0732,nBack_prac,2020.2.5,30.360227131190392,
,,,,,,,,,,,,,,,,,,,,,,,,,,,,,,,,13.539931299979798,None,24.190099300001748,None,0,G,0,,,,,,,
