﻿trials_3.thisRepN,trials_3.thisTrialN,trials_3.thisN,trials_3.thisIndex,Image1.started,Image1.stopped,key_resp_9.keys,key_resp_9.rt,key_resp_9.started,key_resp_9.stopped,image.started,image.stopped,key_resp_10.keys,key_resp_10.rt,key_resp_10.started,key_resp_10.stopped,key_resp_11.keys,key_resp_11.rt,key_resp_11.started,key_resp_11.stopped,image_2.started,image_2.stopped,image_3.started,image_3.stopped,key_resp_12.keys,key_resp_12.rt,key_resp_12.started,key_resp_12.stopped,participant,session,date,expName,psychopyVersion,frameRate,
,,,,8.723126899916679,None,space,1.145605199970305,8.723126899916679,None,,,,,,,,,,,,,,,,,,,,1,2021_Jun_06_1245,nBack_prac,2020.2.5,59.93026514272121,
,,,,,,,,,,9.910865599755198,None,space,1.4309653998352587,9.910865599755198,None,,,,,,,,,,,,,,1,2021_Jun_06_1245,nBack_prac,2020.2.5,59.93026514272121,
,,,,,,,,,,,,,,,,space,7.563992900308222,11.377608200069517,None,,,,,,,,,,1,2021_Jun_06_1245,nBack_prac,2020.2.5,59.93026514272121,
,,,,,,,,,,,,,,,,,,,,11.377608200069517,None,18.977522099856287,None,space,0.6452606003731489,18.977522099856287,None,,1,2021_Jun_06_1245,nBack_prac,2020.2.5,59.93026514272121,
