﻿trials_3.thisRepN,trials_3.thisTrialN,trials_3.thisN,trials_3.thisIndex,key_resp_9.keys,key_resp_9.rt,key_resp_9.started,key_resp_9.stopped,text_6.started,text_6.stopped,image.started,image.stopped,key_resp_10.keys,key_resp_10.rt,key_resp_10.started,key_resp_10.stopped,key_resp_11.keys,key_resp_11.rt,key_resp_11.started,key_resp_11.stopped,image_2.started,image_2.stopped,image_3.started,image_3.stopped,key_resp_12.keys,key_resp_12.rt,key_resp_12.started,key_resp_12.stopped,text_8.started,text_8.stopped,key_resp_14.keys,key_resp_14.rt,key_resp_14.started,key_resp_14.stopped,participant,counterbalance,date,expName,psychopyVersion,frameRate,
,,,,space,25.98391480000282,7.214597300000605,None,,,,,,,,,,,,,,,,,,,,,,,,,,,,1,2021_Jul_08_0728,nBack_prac,2020.2.5,59.948300586217485,
,,,,,,,,7.214597300000605,None,33.23338410000724,None,space,15.428891100003966,33.23338410000724,None,,,,,,,,,,,,,,,,,,,,1,2021_Jul_08_0728,nBack_prac,2020.2.5,59.948300586217485,
,,,,,,,,,,,,,,,,space,4.290150900007575,48.7002111000038,None,,,,,,,,,,,,,,,,1,2021_Jul_08_0728,nBack_prac,2020.2.5,59.948300586217485,
,,,,,,,,,,,,,,,,,,,,48.7002111000038,None,53.01831720001064,None,space,1.348148899996886,53.01831720001064,None,,,,,,,,1,2021_Jul_08_0728,nBack_prac,2020.2.5,59.948300586217485,
,,,,,,,,,,,,,,,,,,,,,,,,,,,,54.383557900000596,None,space,6.558806900007767,54.383557900000596,None,,1,2021_Jul_08_0728,nBack_prac,2020.2.5,59.948300586217485,
