﻿trials_3.thisRepN,trials_3.thisTrialN,trials_3.thisN,trials_3.thisIndex,trials.thisRepN,trials.thisTrialN,trials.thisN,trials.thisIndex,Image1.started,Image1.stopped,key_resp_9.keys,key_resp_9.rt,key_resp_9.started,key_resp_9.stopped,image.started,image.stopped,key_resp_10.keys,key_resp_10.rt,key_resp_10.started,key_resp_10.stopped,key_resp_11.keys,key_resp_11.rt,key_resp_11.started,key_resp_11.stopped,image_2.started,image_2.stopped,image_3.started,image_3.stopped,key_resp_12.keys,key_resp_12.rt,key_resp_12.started,key_resp_12.stopped,text_2.started,text_2.stopped,fixation_start.started,fixation_start.stopped,trialCount,itemPresented,trialType,participant,session,date,expName,psychopyVersion,frameRate,
,,,,,,,,11.513757400010945,None,space,1.1834593000239693,11.513757400010945,None,,,,,,,,,,,,,,,,,,,,,,,,,,,1,2021_Jun_11_0734,nBack_prac,2020.2.5,30.291996672705274,
,,,,,,,,,,,,,,12.740808600006858,None,space,0.6031389000127092,12.740808600006858,None,,,,,,,,,,,,,,,,,,,,,1,2021_Jun_11_0734,nBack_prac,2020.2.5,30.291996672705274,
,,,,,,,,,,,,,,,,,,,,space,0.6551348000066355,13.407697300019208,None,,,,,,,,,,,,,,,,,1,2021_Jun_11_0734,nBack_prac,2020.2.5,30.291996672705274,
,,,,,,,,,,,,,,,,,,,,,,,,13.407697300019208,None,14.150211700005457,None,space,0.49042269997880794,14.150211700005457,None,,,,,,,,,1,2021_Jun_11_0734,nBack_prac,2020.2.5,30.291996672705274,
,,,,,,,,,,,,,,,,,,,,,,,,,,,,,,,,14.690533300017705,None,17.98680620000232,None,0,F,0,,,,,,,
