﻿trials_3.thisRepN,trials_3.thisTrialN,trials_3.thisN,trials_3.thisIndex,key_resp_9.keys,key_resp_9.rt,key_resp_9.started,key_resp_9.stopped,text_6.started,text_6.stopped,image.started,image.stopped,key_resp_10.keys,key_resp_10.rt,key_resp_10.started,key_resp_10.stopped,key_resp_11.keys,key_resp_11.rt,key_resp_11.started,key_resp_11.stopped,image_2.started,image_2.stopped,image_3.started,image_3.stopped,key_resp_12.keys,key_resp_12.rt,key_resp_12.started,key_resp_12.stopped,participant,session,date,expName,psychopyVersion,frameRate,
,,,,space,37.66805940004997,9.790117199998349,None,,,,,,,,,,,,,,,,,,,,,,1,2021_Jun_15_0827,nBack_prac,2020.2.5,60.77457190208849,
,,,,,,,,9.790117199998349,None,47.5527564000804,None,space,49.64506300003268,47.5527564000804,None,,,,,,,,,,,,,,1,2021_Jun_15_0827,nBack_prac,2020.2.5,60.77457190208849,
,,,,,,,,,,,,,,,,space,17.24282350006979,97.23697090009227,None,,,,,,,,,,1,2021_Jun_15_0827,nBack_prac,2020.2.5,60.77457190208849,
,,,,,,,,,,,,,,,,,,,,97.23697090009227,None,114.52204820001498,None,space,12.121751499944367,114.52204820001498,None,,1,2021_Jun_15_0827,nBack_prac,2020.2.5,60.77457190208849,
