﻿trials_3.thisRepN,trials_3.thisTrialN,trials_3.thisN,trials_3.thisIndex,trials.thisRepN,trials.thisTrialN,trials.thisN,trials.thisIndex,Image1.started,Image1.stopped,key_resp_9.keys,key_resp_9.rt,key_resp_9.started,key_resp_9.stopped,image.started,image.stopped,key_resp_10.keys,key_resp_10.rt,key_resp_10.started,key_resp_10.stopped,key_resp_11.keys,key_resp_11.rt,key_resp_11.started,key_resp_11.stopped,image_2.started,image_2.stopped,image_3.started,image_3.stopped,key_resp_12.keys,key_resp_12.rt,key_resp_12.started,key_resp_12.stopped,text_2.started,text_2.stopped,fixation_start.started,fixation_start.stopped,trialCount,itemPresented,trialType,participant,session,date,expName,psychopyVersion,frameRate,
,,,,,,,,11.584604400006356,None,space,0.7882597999996506,11.584604400006356,None,,,,,,,,,,,,,,,,,,,,,,,,,,,1,2021_Jun_11_0736,nBack_prac,2020.2.5,30.21669296962609,
,,,,,,,,,,,,,,12.417980500002159,None,space,0.6669034999795258,12.417980500002159,None,,,,,,,,,,,,,,,,,,,,,1,2021_Jun_11_0736,nBack_prac,2020.2.5,30.21669296962609,
,,,,,,,,,,,,,,,,,,,,space,0.6190384000074118,13.134772699995665,None,,,,,,,,,,,,,,,,,1,2021_Jun_11_0736,nBack_prac,2020.2.5,30.21669296962609,
,,,,,,,,,,,,,,,,,,,,,,,,13.134772699995665,None,13.80136169999605,None,space,0.6378835999930743,13.80136169999605,None,,,,,,,,,1,2021_Jun_11_0736,nBack_prac,2020.2.5,30.21669296962609,
,,,,,,,,,,,,,,,,,,,,,,,,,,,,,,,,14.497603199997684,None,18.565102599997772,None,0,P,0,,,,,,,
