﻿trials_3.thisRepN,trials_3.thisTrialN,trials_3.thisN,trials_3.thisIndex,trials.thisRepN,trials.thisTrialN,trials.thisN,trials.thisIndex,key_resp_9.keys,key_resp_9.rt,key_resp_9.started,key_resp_9.stopped,text_6.started,text_6.stopped,image.started,image.stopped,key_resp_10.keys,key_resp_10.rt,key_resp_10.started,key_resp_10.stopped,key_resp_11.keys,key_resp_11.rt,key_resp_11.started,key_resp_11.stopped,image_2.started,image_2.stopped,image_3.started,image_3.stopped,key_resp_12.keys,key_resp_12.rt,key_resp_12.started,key_resp_12.stopped,text_8.started,text_8.stopped,key_resp_14.keys,key_resp_14.rt,key_resp_14.started,key_resp_14.stopped,text_2.started,text_2.stopped,fixation_start.started,fixation_start.stopped,participant,counterbalance,date,expName,psychopyVersion,frameRate,
,,,,,,,,space,26.986739100000705,15.479378999996698,None,,,,,,,,,,,,,,,,,,,,,,,,,,,,,,,GM-pilot,test,2021_Jul_08_1013,nBack_prac,2020.2.5,60.05180068096697,
,,,,,,,,,,,,15.479378999996698,None,42.498048800000106,None,space,27.911977800002205,42.498048800000106,None,,,,,,,,,,,,,,,,,,,,,,,GM-pilot,test,2021_Jul_08_1013,nBack_prac,2020.2.5,60.05180068096697,
,,,,,,,,,,,,,,,,,,,,space,38.68971399999282,70.44824129999324,None,,,,,,,,,,,,,,,,,,,GM-pilot,test,2021_Jul_08_1013,nBack_prac,2020.2.5,60.05180068096697,
,,,,,,,,,,,,,,,,,,,,,,,,70.44824129999324,None,109.16373009998642,None,space,13.742368699997314,109.16373009998642,None,,,,,,,,,,,GM-pilot,test,2021_Jul_08_1013,nBack_prac,2020.2.5,60.05180068096697,
,,,,,,,,,,,,,,,,,,,,,,,,,,,,,,,,122.93173209999804,None,space,29.414247499997145,122.93173209999804,None,,,,,GM-pilot,test,2021_Jul_08_1013,nBack_prac,2020.2.5,60.05180068096697,
,,,,,,,,,,,,,,,,,,,,,,,,,,,,,,,,,,,,,,152.36547039999277,None,167.26566799999273,None,,,,,,,
