Trial,cueType,Fixation,Fixation_LocationX,Fixation_LocationY,Cue1,Cue1_LocationX,Cue1_LocationY,Cue2,Cue2_LocationX,Cue2_LocationY,Trial_Type,Target_Arrow,Target_Arrow_LocationX,Target_Arrow_LocationY,Flanker1,Flanker1_LocationX,Flanker1_LocationY,Flanker2,Flanker2_LocationX,Flanker2_LocationY,Flanker3,Flanker3_LocationX,Flanker3_LocationY,Flanker4,Flanker4_LocationX,Flanker4_LocationY,Correct
1,None,C:\Users\CogNeW\Desktop\Tasks\MXAttn\ANT\images\Fixation.png,0,0,C:\Users\CogNeW\Desktop\Tasks\MXAttn\ANT\images\Fixation.png,0,0,C:\Users\CogNeW\Desktop\Tasks\MXAttn\ANT\images\Fixation.png,0,0,Congruent,C:\Users\CogNeW\Desktop\Tasks\MXAttn\ANT\images\Right_Arrow.png,0,1.06,C:\Users\CogNeW\Desktop\Tasks\MXAttn\ANT\images\Right_Arrow.png,-1.22,1.06,C:\Users\CogNeW\Desktop\Tasks\MXAttn\ANT\images\Right_Arrow.png,-0.61,1.06,C:\Users\CogNeW\Desktop\Tasks\MXAttn\ANT\images\Right_Arrow.png,0.61,1.06,C:\Users\CogNeW\Desktop\Tasks\MXAttn\ANT\images\Right_Arrow.png,1.22,1.06,right
2,None,C:\Users\CogNeW\Desktop\Tasks\MXAttn\ANT\images\Fixation.png,0,0,C:\Users\CogNeW\Desktop\Tasks\MXAttn\ANT\images\Fixation.png,0,0,C:\Users\CogNeW\Desktop\Tasks\MXAttn\ANT\images\Fixation.png,0,0,Congruent,C:\Users\CogNeW\Desktop\Tasks\MXAttn\ANT\images\Left_Arrow.png,0,1.06,C:\Users\CogNeW\Desktop\Tasks\MXAttn\ANT\images\Left_Arrow.png,-1.22,1.06,C:\Users\CogNeW\Desktop\Tasks\MXAttn\ANT\images\Left_Arrow.png,-0.61,1.06,C:\Users\CogNeW\Desktop\Tasks\MXAttn\ANT\images\Left_Arrow.png,0.61,1.06,C:\Users\CogNeW\Desktop\Tasks\MXAttn\ANT\images\Left_Arrow.png,1.22,1.06,left
3,None,C:\Users\CogNeW\Desktop\Tasks\MXAttn\ANT\images\Fixation.png,0,0,C:\Users\CogNeW\Desktop\Tasks\MXAttn\ANT\images\Fixation.png,0,0,C:\Users\CogNeW\Desktop\Tasks\MXAttn\ANT\images\Fixation.png,0,0,Incongruent,C:\Users\CogNeW\Desktop\Tasks\MXAttn\ANT\images\Right_Arrow.png,0,1.06,C:\Users\CogNeW\Desktop\Tasks\MXAttn\ANT\images\Left_Arrow.png,-1.22,1.06,C:\Users\CogNeW\Desktop\Tasks\MXAttn\ANT\images\Left_Arrow.png,-0.61,1.06,C:\Users\CogNeW\Desktop\Tasks\MXAttn\ANT\images\Left_Arrow.png,0.61,1.06,C:\Users\CogNeW\Desktop\Tasks\MXAttn\ANT\images\Left_Arrow.png,1.22,1.06,right
4,None,C:\Users\CogNeW\Desktop\Tasks\MXAttn\ANT\images\Fixation.png,0,0,C:\Users\CogNeW\Desktop\Tasks\MXAttn\ANT\images\Fixation.png,0,0,C:\Users\CogNeW\Desktop\Tasks\MXAttn\ANT\images\Fixation.png,0,0,Incongruent,C:\Users\CogNeW\Desktop\Tasks\MXAttn\ANT\images\Left_Arrow.png,0,1.06,C:\Users\CogNeW\Desktop\Tasks\MXAttn\ANT\images\Right_Arrow.png,-1.22,1.06,C:\Users\CogNeW\Desktop\Tasks\MXAttn\ANT\images\Right_Arrow.png,-0.61,1.06,C:\Users\CogNeW\Desktop\Tasks\MXAttn\ANT\images\Right_Arrow.png,0.61,1.06,C:\Users\CogNeW\Desktop\Tasks\MXAttn\ANT\images\Right_Arrow.png,1.22,1.06,left
5,None,C:\Users\CogNeW\Desktop\Tasks\MXAttn\ANT\images\Fixation.png,0,0,C:\Users\CogNeW\Desktop\Tasks\MXAttn\ANT\images\Fixation.png,0,0,C:\Users\CogNeW\Desktop\Tasks\MXAttn\ANT\images\Fixation.png,0,0,Neutral,C:\Users\CogNeW\Desktop\Tasks\MXAttn\ANT\images\Right_Arrow.png,0,1.06,C:\Users\CogNeW\Desktop\Tasks\MXAttn\ANT\images\Neutral.png,-1.22,1.06,C:\Users\CogNeW\Desktop\Tasks\MXAttn\ANT\images\Neutral.png,-0.61,1.06,C:\Users\CogNeW\Desktop\Tasks\MXAttn\ANT\images\Neutral.png,0.61,1.06,C:\Users\CogNeW\Desktop\Tasks\MXAttn\ANT\images\Neutral.png,1.22,1.06,right
6,None,C:\Users\CogNeW\Desktop\Tasks\MXAttn\ANT\images\Fixation.png,0,0,C:\Users\CogNeW\Desktop\Tasks\MXAttn\ANT\images\Fixation.png,0,0,C:\Users\CogNeW\Desktop\Tasks\MXAttn\ANT\images\Fixation.png,0,0,Neutral,C:\Users\CogNeW\Desktop\Tasks\MXAttn\ANT\images\Left_Arrow.png,0,1.06,C:\Users\CogNeW\Desktop\Tasks\MXAttn\ANT\images\Neutral.png,-1.22,1.06,C:\Users\CogNeW\Desktop\Tasks\MXAttn\ANT\images\Neutral.png,-0.61,1.06,C:\Users\CogNeW\Desktop\Tasks\MXAttn\ANT\images\Neutral.png,0.61,1.06,C:\Users\CogNeW\Desktop\Tasks\MXAttn\ANT\images\Neutral.png,1.22,1.06,left
7,None,C:\Users\CogNeW\Desktop\Tasks\MXAttn\ANT\images\Fixation.png,0,0,C:\Users\CogNeW\Desktop\Tasks\MXAttn\ANT\images\Fixation.png,0,0,C:\Users\CogNeW\Desktop\Tasks\MXAttn\ANT\images\Fixation.png,0,0,Congruent,C:\Users\CogNeW\Desktop\Tasks\MXAttn\ANT\images\Right_Arrow.png,0,-1.06,C:\Users\CogNeW\Desktop\Tasks\MXAttn\ANT\images\Right_Arrow.png,-1.22,-1.06,C:\Users\CogNeW\Desktop\Tasks\MXAttn\ANT\images\Right_Arrow.png,-0.61,-1.06,C:\Users\CogNeW\Desktop\Tasks\MXAttn\ANT\images\Right_Arrow.png,0.61,-1.06,C:\Users\CogNeW\Desktop\Tasks\MXAttn\ANT\images\Right_Arrow.png,1.22,-1.06,right
8,None,C:\Users\CogNeW\Desktop\Tasks\MXAttn\ANT\images\Fixation.png,0,0,C:\Users\CogNeW\Desktop\Tasks\MXAttn\ANT\images\Fixation.png,0,0,C:\Users\CogNeW\Desktop\Tasks\MXAttn\ANT\images\Fixation.png,0,0,Congruent,C:\Users\CogNeW\Desktop\Tasks\MXAttn\ANT\images\Left_Arrow.png,0,-1.06,C:\Users\CogNeW\Desktop\Tasks\MXAttn\ANT\images\Left_Arrow.png,-1.22,-1.06,C:\Users\CogNeW\Desktop\Tasks\MXAttn\ANT\images\Left_Arrow.png,-0.61,-1.06,C:\Users\CogNeW\Desktop\Tasks\MXAttn\ANT\images\Left_Arrow.png,0.61,-1.06,C:\Users\CogNeW\Desktop\Tasks\MXAttn\ANT\images\Left_Arrow.png,1.22,-1.06,left
9,None,C:\Users\CogNeW\Desktop\Tasks\MXAttn\ANT\images\Fixation.png,0,0,C:\Users\CogNeW\Desktop\Tasks\MXAttn\ANT\images\Fixation.png,0,0,C:\Users\CogNeW\Desktop\Tasks\MXAttn\ANT\images\Fixation.png,0,0,Incongruent,C:\Users\CogNeW\Desktop\Tasks\MXAttn\ANT\images\Right_Arrow.png,0,-1.06,C:\Users\CogNeW\Desktop\Tasks\MXAttn\ANT\images\Left_Arrow.png,-1.22,-1.06,C:\Users\CogNeW\Desktop\Tasks\MXAttn\ANT\images\Left_Arrow.png,-0.61,-1.06,C:\Users\CogNeW\Desktop\Tasks\MXAttn\ANT\images\Left_Arrow.png,0.61,-1.06,C:\Users\CogNeW\Desktop\Tasks\MXAttn\ANT\images\Left_Arrow.png,1.22,-1.06,right
10,None,C:\Users\CogNeW\Desktop\Tasks\MXAttn\ANT\images\Fixation.png,0,0,C:\Users\CogNeW\Desktop\Tasks\MXAttn\ANT\images\Fixation.png,0,0,C:\Users\CogNeW\Desktop\Tasks\MXAttn\ANT\images\Fixation.png,0,0,Incongruent,C:\Users\CogNeW\Desktop\Tasks\MXAttn\ANT\images\Left_Arrow.png,0,-1.06,C:\Users\CogNeW\Desktop\Tasks\MXAttn\ANT\images\Right_Arrow.png,-1.22,-1.06,C:\Users\CogNeW\Desktop\Tasks\MXAttn\ANT\images\Right_Arrow.png,-0.61,-1.06,C:\Users\CogNeW\Desktop\Tasks\MXAttn\ANT\images\Right_Arrow.png,0.61,-1.06,C:\Users\CogNeW\Desktop\Tasks\MXAttn\ANT\images\Right_Arrow.png,1.22,-1.06,left
11,None,C:\Users\CogNeW\Desktop\Tasks\MXAttn\ANT\images\Fixation.png,0,0,C:\Users\CogNeW\Desktop\Tasks\MXAttn\ANT\images\Fixation.png,0,0,C:\Users\CogNeW\Desktop\Tasks\MXAttn\ANT\images\Fixation.png,0,0,Neutral,C:\Users\CogNeW\Desktop\Tasks\MXAttn\ANT\images\Right_Arrow.png,0,-1.06,C:\Users\CogNeW\Desktop\Tasks\MXAttn\ANT\images\Neutral.png,-1.22,-1.06,C:\Users\CogNeW\Desktop\Tasks\MXAttn\ANT\images\Neutral.png,-0.61,-1.06,C:\Users\CogNeW\Desktop\Tasks\MXAttn\ANT\images\Neutral.png,0.61,-1.06,C:\Users\CogNeW\Desktop\Tasks\MXAttn\ANT\images\Neutral.png,1.22,-1.06,right
12,None,C:\Users\CogNeW\Desktop\Tasks\MXAttn\ANT\images\Fixation.png,0,0,C:\Users\CogNeW\Desktop\Tasks\MXAttn\ANT\images\Fixation.png,0,0,C:\Users\CogNeW\Desktop\Tasks\MXAttn\ANT\images\Fixation.png,0,0,Neutral,C:\Users\CogNeW\Desktop\Tasks\MXAttn\ANT\images\Left_Arrow.png,0,-1.06,C:\Users\CogNeW\Desktop\Tasks\MXAttn\ANT\images\Neutral.png,-1.22,-1.06,C:\Users\CogNeW\Desktop\Tasks\MXAttn\ANT\images\Neutral.png,-0.61,-1.06,C:\Users\CogNeW\Desktop\Tasks\MXAttn\ANT\images\Neutral.png,0.61,-1.06,C:\Users\CogNeW\Desktop\Tasks\MXAttn\ANT\images\Neutral.png,1.22,-1.06,left
13,alertingCenter,C:\Users\CogNeW\Desktop\Tasks\MXAttn\ANT\images\Fixation.png,0,0,C:\Users\CogNeW\Desktop\Tasks\MXAttn\ANT\images\Cue.png,0,0,C:\Users\CogNeW\Desktop\Tasks\MXAttn\ANT\images\Cue.png,0,0,Congruent,C:\Users\CogNeW\Desktop\Tasks\MXAttn\ANT\images\Right_Arrow.png,0,1.06,C:\Users\CogNeW\Desktop\Tasks\MXAttn\ANT\images\Right_Arrow.png,-1.22,1.06,C:\Users\CogNeW\Desktop\Tasks\MXAttn\ANT\images\Right_Arrow.png,-0.61,1.06,C:\Users\CogNeW\Desktop\Tasks\MXAttn\ANT\images\Right_Arrow.png,0.61,1.06,C:\Users\CogNeW\Desktop\Tasks\MXAttn\ANT\images\Right_Arrow.png,1.22,1.06,right
14,alertingCenter,C:\Users\CogNeW\Desktop\Tasks\MXAttn\ANT\images\Fixation.png,0,0,C:\Users\CogNeW\Desktop\Tasks\MXAttn\ANT\images\Cue.png,0,0,C:\Users\CogNeW\Desktop\Tasks\MXAttn\ANT\images\Cue.png,0,0,Congruent,C:\Users\CogNeW\Desktop\Tasks\MXAttn\ANT\images\Left_Arrow.png,0,1.06,C:\Users\CogNeW\Desktop\Tasks\MXAttn\ANT\images\Left_Arrow.png,-1.22,1.06,C:\Users\CogNeW\Desktop\Tasks\MXAttn\ANT\images\Left_Arrow.png,-0.61,1.06,C:\Users\CogNeW\Desktop\Tasks\MXAttn\ANT\images\Left_Arrow.png,0.61,1.06,C:\Users\CogNeW\Desktop\Tasks\MXAttn\ANT\images\Left_Arrow.png,1.22,1.06,left
15,alertingCenter,C:\Users\CogNeW\Desktop\Tasks\MXAttn\ANT\images\Fixation.png,0,0,C:\Users\CogNeW\Desktop\Tasks\MXAttn\ANT\images\Cue.png,0,0,C:\Users\CogNeW\Desktop\Tasks\MXAttn\ANT\images\Cue.png,0,0,Incongruent,C:\Users\CogNeW\Desktop\Tasks\MXAttn\ANT\images\Right_Arrow.png,0,1.06,C:\Users\CogNeW\Desktop\Tasks\MXAttn\ANT\images\Left_Arrow.png,-1.22,1.06,C:\Users\CogNeW\Desktop\Tasks\MXAttn\ANT\images\Left_Arrow.png,-0.61,1.06,C:\Users\CogNeW\Desktop\Tasks\MXAttn\ANT\images\Left_Arrow.png,0.61,1.06,C:\Users\CogNeW\Desktop\Tasks\MXAttn\ANT\images\Left_Arrow.png,1.22,1.06,right
16,alertingCenter,C:\Users\CogNeW\Desktop\Tasks\MXAttn\ANT\images\Fixation.png,0,0,C:\Users\CogNeW\Desktop\Tasks\MXAttn\ANT\images\Cue.png,0,0,C:\Users\CogNeW\Desktop\Tasks\MXAttn\ANT\images\Cue.png,0,0,Incongruent,C:\Users\CogNeW\Desktop\Tasks\MXAttn\ANT\images\Left_Arrow.png,0,1.06,C:\Users\CogNeW\Desktop\Tasks\MXAttn\ANT\images\Right_Arrow.png,-1.22,1.06,C:\Users\CogNeW\Desktop\Tasks\MXAttn\ANT\images\Right_Arrow.png,-0.61,1.06,C:\Users\CogNeW\Desktop\Tasks\MXAttn\ANT\images\Right_Arrow.png,0.61,1.06,C:\Users\CogNeW\Desktop\Tasks\MXAttn\ANT\images\Right_Arrow.png,1.22,1.06,left
17,alertingCenter,C:\Users\CogNeW\Desktop\Tasks\MXAttn\ANT\images\Fixation.png,0,0,C:\Users\CogNeW\Desktop\Tasks\MXAttn\ANT\images\Cue.png,0,0,C:\Users\CogNeW\Desktop\Tasks\MXAttn\ANT\images\Cue.png,0,0,Neutral,C:\Users\CogNeW\Desktop\Tasks\MXAttn\ANT\images\Right_Arrow.png,0,1.06,C:\Users\CogNeW\Desktop\Tasks\MXAttn\ANT\images\Neutral.png,-1.22,1.06,C:\Users\CogNeW\Desktop\Tasks\MXAttn\ANT\images\Neutral.png,-0.61,1.06,C:\Users\CogNeW\Desktop\Tasks\MXAttn\ANT\images\Neutral.png,0.61,1.06,C:\Users\CogNeW\Desktop\Tasks\MXAttn\ANT\images\Neutral.png,1.22,1.06,right
18,alertingCenter,C:\Users\CogNeW\Desktop\Tasks\MXAttn\ANT\images\Fixation.png,0,0,C:\Users\CogNeW\Desktop\Tasks\MXAttn\ANT\images\Cue.png,0,0,C:\Users\CogNeW\Desktop\Tasks\MXAttn\ANT\images\Cue.png,0,0,Neutral,C:\Users\CogNeW\Desktop\Tasks\MXAttn\ANT\images\Left_Arrow.png,0,1.06,C:\Users\CogNeW\Desktop\Tasks\MXAttn\ANT\images\Neutral.png,-1.22,1.06,C:\Users\CogNeW\Desktop\Tasks\MXAttn\ANT\images\Neutral.png,-0.61,1.06,C:\Users\CogNeW\Desktop\Tasks\MXAttn\ANT\images\Neutral.png,0.61,1.06,C:\Users\CogNeW\Desktop\Tasks\MXAttn\ANT\images\Neutral.png,1.22,1.06,left
19,alertingCenter,C:\Users\CogNeW\Desktop\Tasks\MXAttn\ANT\images\Fixation.png,0,0,C:\Users\CogNeW\Desktop\Tasks\MXAttn\ANT\images\Cue.png,0,0,C:\Users\CogNeW\Desktop\Tasks\MXAttn\ANT\images\Cue.png,0,0,Congruent,C:\Users\CogNeW\Desktop\Tasks\MXAttn\ANT\images\Right_Arrow.png,0,-1.06,C:\Users\CogNeW\Desktop\Tasks\MXAttn\ANT\images\Right_Arrow.png,-1.22,-1.06,C:\Users\CogNeW\Desktop\Tasks\MXAttn\ANT\images\Right_Arrow.png,-0.61,-1.06,C:\Users\CogNeW\Desktop\Tasks\MXAttn\ANT\images\Right_Arrow.png,0.61,-1.06,C:\Users\CogNeW\Desktop\Tasks\MXAttn\ANT\images\Right_Arrow.png,1.22,-1.06,right
20,alertingCenter,C:\Users\CogNeW\Desktop\Tasks\MXAttn\ANT\images\Fixation.png,0,0,C:\Users\CogNeW\Desktop\Tasks\MXAttn\ANT\images\Cue.png,0,0,C:\Users\CogNeW\Desktop\Tasks\MXAttn\ANT\images\Cue.png,0,0,Congruent,C:\Users\CogNeW\Desktop\Tasks\MXAttn\ANT\images\Left_Arrow.png,0,-1.06,C:\Users\CogNeW\Desktop\Tasks\MXAttn\ANT\images\Left_Arrow.png,-1.22,-1.06,C:\Users\CogNeW\Desktop\Tasks\MXAttn\ANT\images\Left_Arrow.png,-0.61,-1.06,C:\Users\CogNeW\Desktop\Tasks\MXAttn\ANT\images\Left_Arrow.png,0.61,-1.06,C:\Users\CogNeW\Desktop\Tasks\MXAttn\ANT\images\Left_Arrow.png,1.22,-1.06,left
21,alertingCenter,C:\Users\CogNeW\Desktop\Tasks\MXAttn\ANT\images\Fixation.png,0,0,C:\Users\CogNeW\Desktop\Tasks\MXAttn\ANT\images\Cue.png,0,0,C:\Users\CogNeW\Desktop\Tasks\MXAttn\ANT\images\Cue.png,0,0,Incongruent,C:\Users\CogNeW\Desktop\Tasks\MXAttn\ANT\images\Right_Arrow.png,0,-1.06,C:\Users\CogNeW\Desktop\Tasks\MXAttn\ANT\images\Left_Arrow.png,-1.22,-1.06,C:\Users\CogNeW\Desktop\Tasks\MXAttn\ANT\images\Left_Arrow.png,-0.61,-1.06,C:\Users\CogNeW\Desktop\Tasks\MXAttn\ANT\images\Left_Arrow.png,0.61,-1.06,C:\Users\CogNeW\Desktop\Tasks\MXAttn\ANT\images\Left_Arrow.png,1.22,-1.06,right
22,alertingCenter,C:\Users\CogNeW\Desktop\Tasks\MXAttn\ANT\images\Fixation.png,0,0,C:\Users\CogNeW\Desktop\Tasks\MXAttn\ANT\images\Cue.png,0,0,C:\Users\CogNeW\Desktop\Tasks\MXAttn\ANT\images\Cue.png,0,0,Incongruent,C:\Users\CogNeW\Desktop\Tasks\MXAttn\ANT\images\Left_Arrow.png,0,-1.06,C:\Users\CogNeW\Desktop\Tasks\MXAttn\ANT\images\Right_Arrow.png,-1.22,-1.06,C:\Users\CogNeW\Desktop\Tasks\MXAttn\ANT\images\Right_Arrow.png,-0.61,-1.06,C:\Users\CogNeW\Desktop\Tasks\MXAttn\ANT\images\Right_Arrow.png,0.61,-1.06,C:\Users\CogNeW\Desktop\Tasks\MXAttn\ANT\images\Right_Arrow.png,1.22,-1.06,left
23,alertingCenter,C:\Users\CogNeW\Desktop\Tasks\MXAttn\ANT\images\Fixation.png,0,0,C:\Users\CogNeW\Desktop\Tasks\MXAttn\ANT\images\Cue.png,0,0,C:\Users\CogNeW\Desktop\Tasks\MXAttn\ANT\images\Cue.png,0,0,Neutral,C:\Users\CogNeW\Desktop\Tasks\MXAttn\ANT\images\Right_Arrow.png,0,-1.06,C:\Users\CogNeW\Desktop\Tasks\MXAttn\ANT\images\Neutral.png,-1.22,-1.06,C:\Users\CogNeW\Desktop\Tasks\MXAttn\ANT\images\Neutral.png,-0.61,-1.06,C:\Users\CogNeW\Desktop\Tasks\MXAttn\ANT\images\Neutral.png,0.61,-1.06,C:\Users\CogNeW\Desktop\Tasks\MXAttn\ANT\images\Neutral.png,1.22,-1.06,right
24,alertingCenter,C:\Users\CogNeW\Desktop\Tasks\MXAttn\ANT\images\Fixation.png,0,0,C:\Users\CogNeW\Desktop\Tasks\MXAttn\ANT\images\Cue.png,0,0,C:\Users\CogNeW\Desktop\Tasks\MXAttn\ANT\images\Cue.png,0,0,Neutral,C:\Users\CogNeW\Desktop\Tasks\MXAttn\ANT\images\Left_Arrow.png,0,-1.06,C:\Users\CogNeW\Desktop\Tasks\MXAttn\ANT\images\Neutral.png,-1.22,-1.06,C:\Users\CogNeW\Desktop\Tasks\MXAttn\ANT\images\Neutral.png,-0.61,-1.06,C:\Users\CogNeW\Desktop\Tasks\MXAttn\ANT\images\Neutral.png,0.61,-1.06,C:\Users\CogNeW\Desktop\Tasks\MXAttn\ANT\images\Neutral.png,1.22,-1.06,left
25,alertingTopBot,C:\Users\CogNeW\Desktop\Tasks\MXAttn\ANT\images\Fixation.png,0,0,C:\Users\CogNeW\Desktop\Tasks\MXAttn\ANT\images\Cue.png,0,1.06,C:\Users\CogNeW\Desktop\Tasks\MXAttn\ANT\images\Cue.png,0,-1.06,Congruent,C:\Users\CogNeW\Desktop\Tasks\MXAttn\ANT\images\Right_Arrow.png,0,1.06,C:\Users\CogNeW\Desktop\Tasks\MXAttn\ANT\images\Right_Arrow.png,-1.22,1.06,C:\Users\CogNeW\Desktop\Tasks\MXAttn\ANT\images\Right_Arrow.png,-0.61,1.06,C:\Users\CogNeW\Desktop\Tasks\MXAttn\ANT\images\Right_Arrow.png,0.61,1.06,C:\Users\CogNeW\Desktop\Tasks\MXAttn\ANT\images\Right_Arrow.png,1.22,1.06,right
26,alertingTopBot,C:\Users\CogNeW\Desktop\Tasks\MXAttn\ANT\images\Fixation.png,0,0,C:\Users\CogNeW\Desktop\Tasks\MXAttn\ANT\images\Cue.png,0,1.06,C:\Users\CogNeW\Desktop\Tasks\MXAttn\ANT\images\Cue.png,0,-1.06,Congruent,C:\Users\CogNeW\Desktop\Tasks\MXAttn\ANT\images\Left_Arrow.png,0,1.06,C:\Users\CogNeW\Desktop\Tasks\MXAttn\ANT\images\Left_Arrow.png,-1.22,1.06,C:\Users\CogNeW\Desktop\Tasks\MXAttn\ANT\images\Left_Arrow.png,-0.61,1.06,C:\Users\CogNeW\Desktop\Tasks\MXAttn\ANT\images\Left_Arrow.png,0.61,1.06,C:\Users\CogNeW\Desktop\Tasks\MXAttn\ANT\images\Left_Arrow.png,1.22,1.06,left
27,alertingTopBot,C:\Users\CogNeW\Desktop\Tasks\MXAttn\ANT\images\Fixation.png,0,0,C:\Users\CogNeW\Desktop\Tasks\MXAttn\ANT\images\Cue.png,0,1.06,C:\Users\CogNeW\Desktop\Tasks\MXAttn\ANT\images\Cue.png,0,-1.06,Incongruent,C:\Users\CogNeW\Desktop\Tasks\MXAttn\ANT\images\Right_Arrow.png,0,1.06,C:\Users\CogNeW\Desktop\Tasks\MXAttn\ANT\images\Left_Arrow.png,-1.22,1.06,C:\Users\CogNeW\Desktop\Tasks\MXAttn\ANT\images\Left_Arrow.png,-0.61,1.06,C:\Users\CogNeW\Desktop\Tasks\MXAttn\ANT\images\Left_Arrow.png,0.61,1.06,C:\Users\CogNeW\Desktop\Tasks\MXAttn\ANT\images\Left_Arrow.png,1.22,1.06,right
28,alertingTopBot,C:\Users\CogNeW\Desktop\Tasks\MXAttn\ANT\images\Fixation.png,0,0,C:\Users\CogNeW\Desktop\Tasks\MXAttn\ANT\images\Cue.png,0,1.06,C:\Users\CogNeW\Desktop\Tasks\MXAttn\ANT\images\Cue.png,0,-1.06,Incongruent,C:\Users\CogNeW\Desktop\Tasks\MXAttn\ANT\images\Left_Arrow.png,0,1.06,C:\Users\CogNeW\Desktop\Tasks\MXAttn\ANT\images\Right_Arrow.png,-1.22,1.06,C:\Users\CogNeW\Desktop\Tasks\MXAttn\ANT\images\Right_Arrow.png,-0.61,1.06,C:\Users\CogNeW\Desktop\Tasks\MXAttn\ANT\images\Right_Arrow.png,0.61,1.06,C:\Users\CogNeW\Desktop\Tasks\MXAttn\ANT\images\Right_Arrow.png,1.22,1.06,left
29,alertingTopBot,C:\Users\CogNeW\Desktop\Tasks\MXAttn\ANT\images\Fixation.png,0,0,C:\Users\CogNeW\Desktop\Tasks\MXAttn\ANT\images\Cue.png,0,1.06,C:\Users\CogNeW\Desktop\Tasks\MXAttn\ANT\images\Cue.png,0,-1.06,Neutral,C:\Users\CogNeW\Desktop\Tasks\MXAttn\ANT\images\Right_Arrow.png,0,1.06,C:\Users\CogNeW\Desktop\Tasks\MXAttn\ANT\images\Neutral.png,-1.22,1.06,C:\Users\CogNeW\Desktop\Tasks\MXAttn\ANT\images\Neutral.png,-0.61,1.06,C:\Users\CogNeW\Desktop\Tasks\MXAttn\ANT\images\Neutral.png,0.61,1.06,C:\Users\CogNeW\Desktop\Tasks\MXAttn\ANT\images\Neutral.png,1.22,1.06,right
30,alertingTopBot,C:\Users\CogNeW\Desktop\Tasks\MXAttn\ANT\images\Fixation.png,0,0,C:\Users\CogNeW\Desktop\Tasks\MXAttn\ANT\images\Cue.png,0,1.06,C:\Users\CogNeW\Desktop\Tasks\MXAttn\ANT\images\Cue.png,0,-1.06,Neutral,C:\Users\CogNeW\Desktop\Tasks\MXAttn\ANT\images\Left_Arrow.png,0,1.06,C:\Users\CogNeW\Desktop\Tasks\MXAttn\ANT\images\Neutral.png,-1.22,1.06,C:\Users\CogNeW\Desktop\Tasks\MXAttn\ANT\images\Neutral.png,-0.61,1.06,C:\Users\CogNeW\Desktop\Tasks\MXAttn\ANT\images\Neutral.png,0.61,1.06,C:\Users\CogNeW\Desktop\Tasks\MXAttn\ANT\images\Neutral.png,1.22,1.06,left
31,alertingTopBot,C:\Users\CogNeW\Desktop\Tasks\MXAttn\ANT\images\Fixation.png,0,0,C:\Users\CogNeW\Desktop\Tasks\MXAttn\ANT\images\Cue.png,0,1.06,C:\Users\CogNeW\Desktop\Tasks\MXAttn\ANT\images\Cue.png,0,-1.06,Congruent,C:\Users\CogNeW\Desktop\Tasks\MXAttn\ANT\images\Right_Arrow.png,0,-1.06,C:\Users\CogNeW\Desktop\Tasks\MXAttn\ANT\images\Right_Arrow.png,-1.22,-1.06,C:\Users\CogNeW\Desktop\Tasks\MXAttn\ANT\images\Right_Arrow.png,-0.61,-1.06,C:\Users\CogNeW\Desktop\Tasks\MXAttn\ANT\images\Right_Arrow.png,0.61,-1.06,C:\Users\CogNeW\Desktop\Tasks\MXAttn\ANT\images\Right_Arrow.png,1.22,-1.06,right
32,alertingTopBot,C:\Users\CogNeW\Desktop\Tasks\MXAttn\ANT\images\Fixation.png,0,0,C:\Users\CogNeW\Desktop\Tasks\MXAttn\ANT\images\Cue.png,0,1.06,C:\Users\CogNeW\Desktop\Tasks\MXAttn\ANT\images\Cue.png,0,-1.06,Congruent,C:\Users\CogNeW\Desktop\Tasks\MXAttn\ANT\images\Left_Arrow.png,0,-1.06,C:\Users\CogNeW\Desktop\Tasks\MXAttn\ANT\images\Left_Arrow.png,-1.22,-1.06,C:\Users\CogNeW\Desktop\Tasks\MXAttn\ANT\images\Left_Arrow.png,-0.61,-1.06,C:\Users\CogNeW\Desktop\Tasks\MXAttn\ANT\images\Left_Arrow.png,0.61,-1.06,C:\Users\CogNeW\Desktop\Tasks\MXAttn\ANT\images\Left_Arrow.png,1.22,-1.06,left
33,alertingTopBot,C:\Users\CogNeW\Desktop\Tasks\MXAttn\ANT\images\Fixation.png,0,0,C:\Users\CogNeW\Desktop\Tasks\MXAttn\ANT\images\Cue.png,0,1.06,C:\Users\CogNeW\Desktop\Tasks\MXAttn\ANT\images\Cue.png,0,-1.06,Incongruent,C:\Users\CogNeW\Desktop\Tasks\MXAttn\ANT\images\Right_Arrow.png,0,-1.06,C:\Users\CogNeW\Desktop\Tasks\MXAttn\ANT\images\Left_Arrow.png,-1.22,-1.06,C:\Users\CogNeW\Desktop\Tasks\MXAttn\ANT\images\Left_Arrow.png,-0.61,-1.06,C:\Users\CogNeW\Desktop\Tasks\MXAttn\ANT\images\Left_Arrow.png,0.61,-1.06,C:\Users\CogNeW\Desktop\Tasks\MXAttn\ANT\images\Left_Arrow.png,1.22,-1.06,right
34,alertingTopBot,C:\Users\CogNeW\Desktop\Tasks\MXAttn\ANT\images\Fixation.png,0,0,C:\Users\CogNeW\Desktop\Tasks\MXAttn\ANT\images\Cue.png,0,1.06,C:\Users\CogNeW\Desktop\Tasks\MXAttn\ANT\images\Cue.png,0,-1.06,Incongruent,C:\Users\CogNeW\Desktop\Tasks\MXAttn\ANT\images\Left_Arrow.png,0,-1.06,C:\Users\CogNeW\Desktop\Tasks\MXAttn\ANT\images\Right_Arrow.png,-1.22,-1.06,C:\Users\CogNeW\Desktop\Tasks\MXAttn\ANT\images\Right_Arrow.png,-0.61,-1.06,C:\Users\CogNeW\Desktop\Tasks\MXAttn\ANT\images\Right_Arrow.png,0.61,-1.06,C:\Users\CogNeW\Desktop\Tasks\MXAttn\ANT\images\Right_Arrow.png,1.22,-1.06,left
35,alertingTopBot,C:\Users\CogNeW\Desktop\Tasks\MXAttn\ANT\images\Fixation.png,0,0,C:\Users\CogNeW\Desktop\Tasks\MXAttn\ANT\images\Cue.png,0,1.06,C:\Users\CogNeW\Desktop\Tasks\MXAttn\ANT\images\Cue.png,0,-1.06,Neutral,C:\Users\CogNeW\Desktop\Tasks\MXAttn\ANT\images\Right_Arrow.png,0,-1.06,C:\Users\CogNeW\Desktop\Tasks\MXAttn\ANT\images\Neutral.png,-1.22,-1.06,C:\Users\CogNeW\Desktop\Tasks\MXAttn\ANT\images\Neutral.png,-0.61,-1.06,C:\Users\CogNeW\Desktop\Tasks\MXAttn\ANT\images\Neutral.png,0.61,-1.06,C:\Users\CogNeW\Desktop\Tasks\MXAttn\ANT\images\Neutral.png,1.22,-1.06,right
36,alertingTopBot,C:\Users\CogNeW\Desktop\Tasks\MXAttn\ANT\images\Fixation.png,0,0,C:\Users\CogNeW\Desktop\Tasks\MXAttn\ANT\images\Cue.png,0,1.06,C:\Users\CogNeW\Desktop\Tasks\MXAttn\ANT\images\Cue.png,0,-1.06,Neutral,C:\Users\CogNeW\Desktop\Tasks\MXAttn\ANT\images\Left_Arrow.png,0,-1.06,C:\Users\CogNeW\Desktop\Tasks\MXAttn\ANT\images\Neutral.png,-1.22,-1.06,C:\Users\CogNeW\Desktop\Tasks\MXAttn\ANT\images\Neutral.png,-0.61,-1.06,C:\Users\CogNeW\Desktop\Tasks\MXAttn\ANT\images\Neutral.png,0.61,-1.06,C:\Users\CogNeW\Desktop\Tasks\MXAttn\ANT\images\Neutral.png,1.22,-1.06,left
37,spatialTop,C:\Users\CogNeW\Desktop\Tasks\MXAttn\ANT\images\Fixation.png,0,0,C:\Users\CogNeW\Desktop\Tasks\MXAttn\ANT\images\Cue.png,0,1.06,C:\Users\CogNeW\Desktop\Tasks\MXAttn\ANT\images\Fixation.png,0,0,Congruent,C:\Users\CogNeW\Desktop\Tasks\MXAttn\ANT\images\Right_Arrow.png,0,1.06,C:\Users\CogNeW\Desktop\Tasks\MXAttn\ANT\images\Right_Arrow.png,-1.22,1.06,C:\Users\CogNeW\Desktop\Tasks\MXAttn\ANT\images\Right_Arrow.png,-0.61,1.06,C:\Users\CogNeW\Desktop\Tasks\MXAttn\ANT\images\Right_Arrow.png,0.61,1.06,C:\Users\CogNeW\Desktop\Tasks\MXAttn\ANT\images\Right_Arrow.png,1.22,1.06,right
38,spatialTop,C:\Users\CogNeW\Desktop\Tasks\MXAttn\ANT\images\Fixation.png,0,0,C:\Users\CogNeW\Desktop\Tasks\MXAttn\ANT\images\Cue.png,0,1.06,C:\Users\CogNeW\Desktop\Tasks\MXAttn\ANT\images\Fixation.png,0,0,Congruent,C:\Users\CogNeW\Desktop\Tasks\MXAttn\ANT\images\Left_Arrow.png,0,1.06,C:\Users\CogNeW\Desktop\Tasks\MXAttn\ANT\images\Left_Arrow.png,-1.22,1.06,C:\Users\CogNeW\Desktop\Tasks\MXAttn\ANT\images\Left_Arrow.png,-0.61,1.06,C:\Users\CogNeW\Desktop\Tasks\MXAttn\ANT\images\Left_Arrow.png,0.61,1.06,C:\Users\CogNeW\Desktop\Tasks\MXAttn\ANT\images\Left_Arrow.png,1.22,1.06,left
39,spatialTop,C:\Users\CogNeW\Desktop\Tasks\MXAttn\ANT\images\Fixation.png,0,0,C:\Users\CogNeW\Desktop\Tasks\MXAttn\ANT\images\Cue.png,0,1.06,C:\Users\CogNeW\Desktop\Tasks\MXAttn\ANT\images\Fixation.png,0,0,Incongruent,C:\Users\CogNeW\Desktop\Tasks\MXAttn\ANT\images\Right_Arrow.png,0,1.06,C:\Users\CogNeW\Desktop\Tasks\MXAttn\ANT\images\Left_Arrow.png,-1.22,1.06,C:\Users\CogNeW\Desktop\Tasks\MXAttn\ANT\images\Left_Arrow.png,-0.61,1.06,C:\Users\CogNeW\Desktop\Tasks\MXAttn\ANT\images\Left_Arrow.png,0.61,1.06,C:\Users\CogNeW\Desktop\Tasks\MXAttn\ANT\images\Left_Arrow.png,1.22,1.06,right
40,spatialTop,C:\Users\CogNeW\Desktop\Tasks\MXAttn\ANT\images\Fixation.png,0,0,C:\Users\CogNeW\Desktop\Tasks\MXAttn\ANT\images\Cue.png,0,1.06,C:\Users\CogNeW\Desktop\Tasks\MXAttn\ANT\images\Fixation.png,0,0,Incongruent,C:\Users\CogNeW\Desktop\Tasks\MXAttn\ANT\images\Left_Arrow.png,0,1.06,C:\Users\CogNeW\Desktop\Tasks\MXAttn\ANT\images\Right_Arrow.png,-1.22,1.06,C:\Users\CogNeW\Desktop\Tasks\MXAttn\ANT\images\Right_Arrow.png,-0.61,1.06,C:\Users\CogNeW\Desktop\Tasks\MXAttn\ANT\images\Right_Arrow.png,0.61,1.06,C:\Users\CogNeW\Desktop\Tasks\MXAttn\ANT\images\Right_Arrow.png,1.22,1.06,left
41,spatialTop,C:\Users\CogNeW\Desktop\Tasks\MXAttn\ANT\images\Fixation.png,0,0,C:\Users\CogNeW\Desktop\Tasks\MXAttn\ANT\images\Cue.png,0,1.06,C:\Users\CogNeW\Desktop\Tasks\MXAttn\ANT\images\Fixation.png,0,0,Neutral,C:\Users\CogNeW\Desktop\Tasks\MXAttn\ANT\images\Right_Arrow.png,0,1.06,C:\Users\CogNeW\Desktop\Tasks\MXAttn\ANT\images\Neutral.png,-1.22,1.06,C:\Users\CogNeW\Desktop\Tasks\MXAttn\ANT\images\Neutral.png,-0.61,1.06,C:\Users\CogNeW\Desktop\Tasks\MXAttn\ANT\images\Neutral.png,0.61,1.06,C:\Users\CogNeW\Desktop\Tasks\MXAttn\ANT\images\Neutral.png,1.22,1.06,right
42,spatialTop,C:\Users\CogNeW\Desktop\Tasks\MXAttn\ANT\images\Fixation.png,0,0,C:\Users\CogNeW\Desktop\Tasks\MXAttn\ANT\images\Cue.png,0,1.06,C:\Users\CogNeW\Desktop\Tasks\MXAttn\ANT\images\Fixation.png,0,0,Neutral,C:\Users\CogNeW\Desktop\Tasks\MXAttn\ANT\images\Left_Arrow.png,0,1.06,C:\Users\CogNeW\Desktop\Tasks\MXAttn\ANT\images\Neutral.png,-1.22,1.06,C:\Users\CogNeW\Desktop\Tasks\MXAttn\ANT\images\Neutral.png,-0.61,1.06,C:\Users\CogNeW\Desktop\Tasks\MXAttn\ANT\images\Neutral.png,0.61,1.06,C:\Users\CogNeW\Desktop\Tasks\MXAttn\ANT\images\Neutral.png,1.22,1.06,left
43,spatialBottom,C:\Users\CogNeW\Desktop\Tasks\MXAttn\ANT\images\Fixation.png,0,0,C:\Users\CogNeW\Desktop\Tasks\MXAttn\ANT\images\Cue.png,0,-1.06,C:\Users\CogNeW\Desktop\Tasks\MXAttn\ANT\images\Fixation.png,0,0,Congruent,C:\Users\CogNeW\Desktop\Tasks\MXAttn\ANT\images\Right_Arrow.png,0,-1.06,C:\Users\CogNeW\Desktop\Tasks\MXAttn\ANT\images\Right_Arrow.png,-1.22,-1.06,C:\Users\CogNeW\Desktop\Tasks\MXAttn\ANT\images\Right_Arrow.png,-0.61,-1.06,C:\Users\CogNeW\Desktop\Tasks\MXAttn\ANT\images\Right_Arrow.png,0.61,-1.06,C:\Users\CogNeW\Desktop\Tasks\MXAttn\ANT\images\Right_Arrow.png,1.22,-1.06,right
44,spatialBottom,C:\Users\CogNeW\Desktop\Tasks\MXAttn\ANT\images\Fixation.png,0,0,C:\Users\CogNeW\Desktop\Tasks\MXAttn\ANT\images\Cue.png,0,-1.06,C:\Users\CogNeW\Desktop\Tasks\MXAttn\ANT\images\Fixation.png,0,0,Congruent,C:\Users\CogNeW\Desktop\Tasks\MXAttn\ANT\images\Left_Arrow.png,0,-1.06,C:\Users\CogNeW\Desktop\Tasks\MXAttn\ANT\images\Left_Arrow.png,-1.22,-1.06,C:\Users\CogNeW\Desktop\Tasks\MXAttn\ANT\images\Left_Arrow.png,-0.61,-1.06,C:\Users\CogNeW\Desktop\Tasks\MXAttn\ANT\images\Left_Arrow.png,0.61,-1.06,C:\Users\CogNeW\Desktop\Tasks\MXAttn\ANT\images\Left_Arrow.png,1.22,-1.06,left
45,spatialBottom,C:\Users\CogNeW\Desktop\Tasks\MXAttn\ANT\images\Fixation.png,0,0,C:\Users\CogNeW\Desktop\Tasks\MXAttn\ANT\images\Cue.png,0,-1.06,C:\Users\CogNeW\Desktop\Tasks\MXAttn\ANT\images\Fixation.png,0,0,Incongruent,C:\Users\CogNeW\Desktop\Tasks\MXAttn\ANT\images\Right_Arrow.png,0,-1.06,C:\Users\CogNeW\Desktop\Tasks\MXAttn\ANT\images\Left_Arrow.png,-1.22,-1.06,C:\Users\CogNeW\Desktop\Tasks\MXAttn\ANT\images\Left_Arrow.png,-0.61,-1.06,C:\Users\CogNeW\Desktop\Tasks\MXAttn\ANT\images\Left_Arrow.png,0.61,-1.06,C:\Users\CogNeW\Desktop\Tasks\MXAttn\ANT\images\Left_Arrow.png,1.22,-1.06,right
46,spatialBottom,C:\Users\CogNeW\Desktop\Tasks\MXAttn\ANT\images\Fixation.png,0,0,C:\Users\CogNeW\Desktop\Tasks\MXAttn\ANT\images\Cue.png,0,-1.06,C:\Users\CogNeW\Desktop\Tasks\MXAttn\ANT\images\Fixation.png,0,0,Incongruent,C:\Users\CogNeW\Desktop\Tasks\MXAttn\ANT\images\Left_Arrow.png,0,-1.06,C:\Users\CogNeW\Desktop\Tasks\MXAttn\ANT\images\Right_Arrow.png,-1.22,-1.06,C:\Users\CogNeW\Desktop\Tasks\MXAttn\ANT\images\Right_Arrow.png,-0.61,-1.06,C:\Users\CogNeW\Desktop\Tasks\MXAttn\ANT\images\Right_Arrow.png,0.61,-1.06,C:\Users\CogNeW\Desktop\Tasks\MXAttn\ANT\images\Right_Arrow.png,1.22,-1.06,left
47,spatialBottom,C:\Users\CogNeW\Desktop\Tasks\MXAttn\ANT\images\Fixation.png,0,0,C:\Users\CogNeW\Desktop\Tasks\MXAttn\ANT\images\Cue.png,0,-1.06,C:\Users\CogNeW\Desktop\Tasks\MXAttn\ANT\images\Fixation.png,0,0,Neutral,C:\Users\CogNeW\Desktop\Tasks\MXAttn\ANT\images\Right_Arrow.png,0,-1.06,C:\Users\CogNeW\Desktop\Tasks\MXAttn\ANT\images\Neutral.png,-1.22,-1.06,C:\Users\CogNeW\Desktop\Tasks\MXAttn\ANT\images\Neutral.png,-0.61,-1.06,C:\Users\CogNeW\Desktop\Tasks\MXAttn\ANT\images\Neutral.png,0.61,-1.06,C:\Users\CogNeW\Desktop\Tasks\MXAttn\ANT\images\Neutral.png,1.22,-1.06,right
48,spatialBottom,C:\Users\CogNeW\Desktop\Tasks\MXAttn\ANT\images\Fixation.png,0,0,C:\Users\CogNeW\Desktop\Tasks\MXAttn\ANT\images\Cue.png,0,-1.06,C:\Users\CogNeW\Desktop\Tasks\MXAttn\ANT\images\Fixation.png,0,0,Neutral,C:\Users\CogNeW\Desktop\Tasks\MXAttn\ANT\images\Left_Arrow.png,0,-1.06,C:\Users\CogNeW\Desktop\Tasks\MXAttn\ANT\images\Neutral.png,-1.22,-1.06,C:\Users\CogNeW\Desktop\Tasks\MXAttn\ANT\images\Neutral.png,-0.61,-1.06,C:\Users\CogNeW\Desktop\Tasks\MXAttn\ANT\images\Neutral.png,0.61,-1.06,C:\Users\CogNeW\Desktop\Tasks\MXAttn\ANT\images\Neutral.png,1.22,-1.06,left
