﻿practice.thisRepN,practice.thisTrialN,practice.thisN,practice.thisIndex,trials.thisRepN,trials.thisTrialN,trials.thisN,trials.thisIndex,text_2.started,text_2.stopped,key_resp.keys,key_resp.rt,key_resp.started,key_resp.stopped,prac_fixation_jitter.started,prac_fixation_jitter.stopped,target_prac.started,target_prac.stopped,key_resp_prac.keys,key_resp_prac.rt,key_resp_prac.started,key_resp_prac.stopped,feedback_screen_prac.started,feedback_screen_prac.stopped,image.started,image.stopped,text_3.started,text_3.stopped,key_resp_2.keys,key_resp_2.rt,key_resp_2.started,key_resp_2.stopped,p_port_2.started,p_port_2.stopped,image_2.started,image_2.stopped,Fixation_Jitter.started,Fixation_Jitter.stopped,Response.keys,Response.started,Response.stopped,trialStartPort.started,trialStartPort.stopped,image_3.started,image_3.stopped,key_resp_3.keys,key_resp_3.rt,key_resp_3.started,key_resp_3.stopped,targetPort.started,targetPort.stopped,correctRespPort.started,correctRespPort.stopped,fixationPort3.started,fixationPort3.stopped,Feedback_screen.started,Feedback_screen.stopped,incorrectRespPort1.started,incorrectRespPort1.stopped,incorrectRespPort2.started,incorrectRespPort2.stopped,Fixation_ITI.started,Fixation_ITI.stopped,participant,session,date,expName,psychopyVersion,frameRate,
,,,,,,,,8.941428399994038,None,space,7.000703300000168,8.941428399994038,None,,,,,,,,,,,,,,,,,,,,,,,,,,,,,,,,,,,,,,,,,,,,,,,,,,,001,2021_Jun_17_0523,PVT,2020.2.5,59.845299878358595,
0,0,0,0,,,,,,,,,,,15.960348600056022,24.573975900071673,24.540849999990314,None,space,9.153678499977104,15.960348600056022,None,None,None,25.14063040004112,None,,,,,,,,,,,,,,,,,,,,,,,,,,,,,,,,,,,,,,,001,2021_Jun_17_0523,PVT,2020.2.5,59.845299878358595,
1,0,1,0,,,,,,,,,,,25.64106829999946,34.24070099997334,34.225899500073865,None,space,11.952287899912335,25.64106829999946,None,None,None,37.624165200046264,None,,,,,,,,,,,,,,,,,,,,,,,,,,,,,,,,,,,,,,,001,2021_Jun_17_0523,PVT,2020.2.5,59.845299878358595,
2,0,2,0,,,,,,,,,,,38.12439450004604,46.72497590002604,46.70855500001926,None,space,12.165738300071098,38.12439450004604,None,None,None,50.30802280001808,None,,,,,,,,,,,,,,,,,,,,,,,,,,,,,,,,,,,,,,,001,2021_Jun_17_0523,PVT,2020.2.5,59.845299878358595,
3,0,3,0,,,,,,,,,,,50.80826459999662,59.42553700006101,59.39076980005484,None,space,9.721259500016458,50.80826459999662,None,None,None,60.56039030000102,None,,,,,,,,,,,,,,,,,,,,,,,,,,,,,,,,,,,,,,,001,2021_Jun_17_0523,PVT,2020.2.5,59.845299878358595,
4,0,4,0,,,,,,,,,,,61.07459430000745,69.67423890007194,69.65873540006578,None,space,11.071631500031799,61.07459430000745,None,None,None,72.17540579999331,None,,,,,,,,,,,,,,,,,,,,,,,,,,,,,,,,,,,,,,,001,2021_Jun_17_0523,PVT,2020.2.5,59.845299878358595,
,,,,,,,,,,,,,,,,,,,,,,,,,,72.69380999996793,None,space,20.39200929994695,72.69380999996793,None,,,,,,,,,,,,,,,,,,,,,,,,,,,,,,,,,001,2021_Jun_17_0523,PVT,2020.2.5,59.845299878358595,
,,,,0,0,0,0,,,,,,,,,,,,,,,,,,,,,,,,,0.012396389967761934,0.5115104899741709,93.10743490001187,None,93.6409386000596,96.64201219996903,None,93.7264690999873,None,0.007952890126034617,0.0857450901530683,96.7595015000552,None,space,0.9631047999719158,96.77502699999604,None,0.006879789987578988,0.029684190056286752,0.0036714900052174926,0.14119769004173577,97.77415319997817,None,None,None,None,None,None,None,97.95766780001577,None,,001,2021_Jun_17_0523,PVT,2020.2.5,59.845299878358595,
,,,,1,0,1,0,,,,,,,,,,,,,,,,,,,,,,,,,,,,,98.47596459998749,105.97410910006147,None,98.55764660006389,None,0.0097154900431633,0.08542239002417773,106.0744617000455,None,space,110.14253299997654,106.09216760005802,None,0.008181189885362983,0.03256258997134864,0.004829890094697475,0.14368129009380937,216.27488589996938,None,None,None,None,None,None,None,216.4582470000023,None,,001,2021_Jun_17_0523,PVT,2020.2.5,59.845299878358595,
,,,,2,0,2,0,,,,,,,,,,,,,,,,,,,,,,,,,,,,,216.95488870004192,219.8583921000827,None,217.05938720004633,None,0.010388690046966076,0.08862019004300237,219.99158909998368,None,space,0.4890845000045374,220.00850400002673,None,0.007862489903345704,0.03272928996011615,0.005059590097516775,0.1453455900773406,220.54161489999387,None,None,None,None,None,None,None,220.72690310003236,None,,001,2021_Jun_17_0523,PVT,2020.2.5,59.845299878358595,
