﻿practice.thisRepN,practice.thisTrialN,practice.thisN,practice.thisIndex,text_2.started,text_2.stopped,key_resp.keys,key_resp.rt,key_resp.started,key_resp.stopped,prac_fixation_jitter.started,prac_fixation_jitter.stopped,target_prac.started,target_prac.stopped,key_resp_prac.keys,key_resp_prac.rt,key_resp_prac.started,key_resp_prac.stopped,feedback_screen_prac.started,feedback_screen_prac.stopped,image.started,image.stopped,participant,session,date,expName,psychopyVersion,frameRate,
,,,,9.379175799898803,None,space,4.640451499959454,9.379175799898803,None,,,,,,,,,,,,,,001,2021_Jun_02_1056,PVT,2020.2.5,60.00816103232573,
0,0,0,0,,,,,,,14.046262100106105,None,None,None,space,0.7732806000858545,14.046262100106105,None,14.863270499976352,None,16.86321169999428,None,,001,2021_Jun_02_1056,PVT,2020.2.5,60.00816103232573,
1,0,1,0,,,,,,,17.363610999891534,None,None,None,space,0.976170000154525,17.363610999891534,None,18.363506600027904,None,20.363574600080028,None,,001,2021_Jun_02_1056,PVT,2020.2.5,60.00816103232573,
,,,,,,,,,,20.863763500005007,None,None,None,space,0.291969999903813,20.863763500005007,None,21.179959800094366,None,,,,,,,,,
