﻿practice.thisRepN,practice.thisTrialN,practice.thisN,practice.thisIndex,trials.thisRepN,trials.thisTrialN,trials.thisN,trials.thisIndex,text_2.started,text_2.stopped,key_resp.keys,key_resp.rt,key_resp.started,key_resp.stopped,prac_fixation_jitter.started,prac_fixation_jitter.stopped,target_prac.started,target_prac.stopped,key_resp_prac.keys,key_resp_prac.rt,key_resp_prac.started,key_resp_prac.stopped,feedback_screen_prac.started,feedback_screen_prac.stopped,image.started,image.stopped,text_3.started,text_3.stopped,key_resp_2.keys,key_resp_2.rt,key_resp_2.started,key_resp_2.stopped,p_port_2.started,p_port_2.stopped,image_2.started,image_2.stopped,Fixation_Jitter.started,Fixation_Jitter.stopped,Response.keys,Response.started,Response.stopped,trialStartPort.started,trialStartPort.stopped,image_3.started,image_3.stopped,key_resp_3.keys,key_resp_3.rt,key_resp_3.started,key_resp_3.stopped,targetPort.started,targetPort.stopped,correctRespPort.started,correctRespPort.stopped,fixationPort3.started,fixationPort3.stopped,Feedback_screen.started,Feedback_screen.stopped,incorrectRespPort1.started,incorrectRespPort1.stopped,incorrectRespPort2.started,incorrectRespPort2.stopped,Fixation_ITI.started,Fixation_ITI.stopped,participant,session,date,expName,psychopyVersion,frameRate,
,,,,,,,,8.181170299998485,None,space,0.8028225000016391,8.181170299998485,None,,,,,,,,,,,,,,,,,,,,,,,,,,,,,,,,,,,,,,,,,,,,,,,,,,,001,2021_Jun_11_1035,PVT,2020.2.5,59.904416513951766,
0,0,0,0,,,,,,,,,,,9.011512099998072,None,None,None,space,0.48134399999980815,9.011512099998072,None,9.526201600005152,None,11.531801000004634,None,,,,,,,,,,,,,,,,,,,,,,,,,,,,,,,,,,,,,,,001,2021_Jun_11_1035,PVT,2020.2.5,59.904416513951766,
1,0,1,0,,,,,,,,,,,12.030954499990912,14.430847999989055,14.414406199997757,None,space,3.042238800000632,12.030954499990912,None,None,None,15.099559099995531,None,,,,,,,,,,,,,,,,,,,,,,,,,,,,,,,,,,,,,,,001,2021_Jun_11_1035,PVT,2020.2.5,59.904416513951766,
2,0,2,0,,,,,,,,,,,15.600551000010455,18.014342100010253,17.980955900013214,None,space,3.083551899995655,15.600551000010455,None,None,None,18.715066600008868,None,,,,,,,,,,,,,,,,,,,,,,,,,,,,,,,,,,,,,,,001,2021_Jun_11_1035,PVT,2020.2.5,59.904416513951766,
3,0,3,0,,,,,,,,,,,19.215114199992968,21.617737799999304,21.598408299993025,None,space,2.8689094000146724,19.215114199992968,None,None,None,22.1155080999888,None,,,,,,,,,,,,,,,,,,,,,,,,,,,,,,,,,,,,,,,001,2021_Jun_11_1035,PVT,2020.2.5,59.904416513951766,
4,0,4,0,,,,,,,,,,,22.61517130001448,25.033041999995476,24.997524700011127,None,space,2.9024728999938816,22.61517130001448,None,None,None,25.544102699990617,None,,,,,,,,,,,,,,,,,,,,,,,,,,,,,,,,,,,,,,,001,2021_Jun_11_1035,PVT,2020.2.5,59.904416513951766,
,,,,,,,,,,,,,,,,,,,,,,,,,,26.048429099988425,None,space,3.396132400026545,26.048429099988425,None,,,,,,,,,,,,,,,,,,,,,,,,,,,,,,,,,001,2021_Jun_11_1035,PVT,2020.2.5,59.904416513951766,
,,,,0,0,0,0,,,,,,,,,,,,,,,,,,,,,,,,,0.012515309994341806,0.5242887100030202,29.46095919999061,None,30.01699090001057,38.830908500007354,None,30.098618199990597,None,0.006878410000354052,0.07872931001475081,38.91402789999847,None,space,0.6480008999933489,38.93109309999272,None,0.005891609995160252,0.02816171001177281,0.0036873100034426898,0.14209410999319516,39.614246899989666,None,None,None,None,None,None,None,39.79378750000615,None,,001,2021_Jun_11_1035,PVT,2020.2.5,59.904416513951766,
