﻿practice.thisRepN,practice.thisTrialN,practice.thisN,practice.thisIndex,text_2.started,text_2.stopped,key_resp.keys,key_resp.rt,key_resp.started,key_resp.stopped,prac_fixation_jitter.started,prac_fixation_jitter.stopped,target_prac.started,target_prac.stopped,key_resp_prac.keys,key_resp_prac.rt,key_resp_prac.started,key_resp_prac.stopped,feedback_screen_prac.started,feedback_screen_prac.stopped,image.started,image.stopped,text_4.started,text_4.stopped,key_resp_4.keys,key_resp_4.rt,key_resp_4.started,key_resp_4.stopped,participant,session,date,expName,psychopyVersion,frameRate,
,,,,8.812725499970838,None,space,1.349792500026524,8.812725499970838,None,,,,,,,,,,,,,,,,,,,,001,2021_Jun_21_0602,PVT,2020.2.5,60.1922661570639,
0,0,0,0,,,,,,,10.209393199998885,14.023740799864754,13.973816300043836,None,space,4.2141582001931965,10.209393199998885,None,None,None,14.45953270001337,None,,,,,,,,001,2021_Jun_21_0602,PVT,2020.2.5,60.1922661570639,
1,0,1,0,,,,,,,14.974482099991292,18.773499599890783,18.757332199951634,None,space,4.193779699970037,14.974482099991292,None,None,None,19.19180230004713,None,,,,,,,,001,2021_Jun_21_0602,PVT,2020.2.5,60.1922661570639,
2,0,2,0,,,,,,,19.69129979982972,23.50751669984311,23.473660399904475,None,space,4.12719070003368,19.69129979982972,None,None,None,23.840494599891827,None,,,,,,,,001,2021_Jun_21_0602,PVT,2020.2.5,60.1922661570639,
3,0,3,0,,,,,,,24.341412900015712,28.141262099845335,28.12547430000268,None,space,4.304152300115675,24.341412900015712,None,None,None,28.6744752000086,None,,,,,,,,001,2021_Jun_21_0602,PVT,2020.2.5,60.1922661570639,
4,0,4,0,,,,,,,29.175076300045475,32.97379079996608,32.96052169986069,None,space,4.249392200028524,29.175076300045475,None,None,None,33.458323299884796,None,,,,,,,,001,2021_Jun_21_0602,PVT,2020.2.5,60.1922661570639,
,,,,,,,,,,,,,,,,,,,,,,33.97466710000299,None,z,2.415644299937412,33.97466710000299,None,,001,2021_Jun_21_0602,PVT,2020.2.5,60.1922661570639,
