﻿practice.thisRepN,practice.thisTrialN,practice.thisN,practice.thisIndex,trials.thisRepN,trials.thisTrialN,trials.thisN,trials.thisIndex,text_2.started,text_2.stopped,key_resp.keys,key_resp.rt,key_resp.started,key_resp.stopped,prac_fixation_jitter.started,prac_fixation_jitter.stopped,target_prac.started,target_prac.stopped,key_resp_prac.keys,key_resp_prac.rt,key_resp_prac.started,key_resp_prac.stopped,feedback_screen_prac.started,feedback_screen_prac.stopped,image.started,image.stopped,text_4.started,text_4.stopped,key_resp_4.keys,key_resp_4.rt,key_resp_4.started,key_resp_4.stopped,text_3.started,text_3.stopped,key_resp_2.keys,key_resp_2.rt,key_resp_2.started,key_resp_2.stopped,p_port_2.started,p_port_2.stopped,image_2.started,image_2.stopped,Fixation_Jitter.started,Fixation_Jitter.stopped,Response.keys,Response.started,Response.stopped,trialStartPort.started,trialStartPort.stopped,image_3.started,image_3.stopped,key_resp_3.keys,key_resp_3.rt,key_resp_3.started,key_resp_3.stopped,targetPort.started,targetPort.stopped,correctRespPort.started,correctRespPort.stopped,fixationPort3.started,fixationPort3.stopped,Feedback_screen.started,Feedback_screen.stopped,incorrectRespPort1.started,incorrectRespPort1.stopped,incorrectRespPort2.started,incorrectRespPort2.stopped,Fixation_ITI.started,Fixation_ITI.stopped,participant,date,expName,psychopyVersion,frameRate,
,,,,,,,,18.394994200003566,None,space,13.976741200007382,18.394994200003566,None,,,,,,,,,,,,,,,,,,,,,,,,,,,,,,,,,,,,,,,,,,,,,,,,,,,,,,,,,2021_Jul_08_0718,PVT,2020.2.5,59.917768852172266,
0,0,0,0,,,,,,,,,,,32.391013000000385,35.19572899999912,35.179023799995775,None,space,3.5487264999974286,32.391013000000385,None,None,None,35.962687000006554,None,,,,,,,,,,,,,,,,,,,,,,,,,,,,,,,,,,,,,,,,,,,,,2021_Jul_08_0718,PVT,2020.2.5,59.917768852172266,
1,0,1,0,,,,,,,,,,,36.46220140000514,39.26222639999469,39.24583600000187,None,space,3.1018339000002015,36.46220140000514,None,None,None,39.57930420000048,None,,,,,,,,,,,,,,,,,,,,,,,,,,,,,,,,,,,,,,,,,,,,,2021_Jul_08_0718,PVT,2020.2.5,59.917768852172266,
2,0,2,0,,,,,,,,,,,40.07966659999511,42.879073300005984,42.8624012000073,None,space,3.100403300006292,40.07966659999511,None,None,None,43.195928899993305,None,,,,,,,,,,,,,,,,,,,,,,,,,,,,,,,,,,,,,,,,,,,,,2021_Jul_08_0718,PVT,2020.2.5,59.917768852172266,
3,0,3,0,,,,,,,,,,,43.69602089999535,46.49572140000237,46.4791128999932,None,space,3.059827099990798,43.69602089999535,None,None,None,46.77932729999884,None,,,,,,,,,,,,,,,,,,,,,,,,,,,,,,,,,,,,,,,,,,,,,2021_Jul_08_0718,PVT,2020.2.5,59.917768852172266,
4,0,4,0,,,,,,,,,,,47.279010400001425,50.0792392000003,50.062550100003136,None,space,2.9726547000027495,47.279010400001425,None,None,None,50.27918789999967,None,,,,,,,,,,,,,,,,,,,,,,,,,,,,,,,,,,,,,,,,,,,,,2021_Jul_08_0718,PVT,2020.2.5,59.917768852172266,
,,,,,,,,,,,,,,,,,,,,,,,,,,50.77937400000519,None,z,8.752652499999385,50.77937400000519,None,,,,,,,,,,,,,,,,,,,,,,,,,,,,,,,,,,,,,,,2021_Jul_08_0718,PVT,2020.2.5,59.917768852172266,
,,,,,,,,,,,,,,,,,,,,,,,,,,,,,,,,59.562446299998555,None,space,9.529473299990059,59.562446299998555,None,,,,,,,,,,,,,,,,,,,,,,,,,,,,,,,,,2021_Jul_08_0718,PVT,2020.2.5,59.917768852172266,
,,,,0,0,0,0,,,,,,,,,,,,,,,,,,,,,,,,,,,,,,,0.01228788003209047,0.5078878800268285,69.11271460000717,None,69.6456654999929,76.64591069999733,None,69.72909110000182,None,0.007398179994197562,0.081636980001349,76.74566099999356,None,space,2.5371167000121204,76.76258860000235,None,0.00685177999548614,0.03032027999870479,0.0038822799833724275,0.14133927998773288,79.34567490000336,None,None,None,None,None,None,None,79.52901430000202,None,,2021_Jul_08_0718,PVT,2020.2.5,59.917768852172266,
,,,,1,0,1,0,,,,,,,,,,,,,,,,,,,,,,,,,,,,,,,,,,,80.02956700000504,86.72942639999383,None,80.1125655000069,None,0.010121280007297173,0.07064548000926152,86.8290593999991,None,space,2.013943800004199,86.84598519999417,None,0.007794479999574833,0.032313179995981045,0.004911580006591976,0.14362807999714278,88.89569530000153,None,None,None,None,None,None,None,89.07914600000367,None,,2021_Jul_08_0718,PVT,2020.2.5,59.917768852172266,
,,,,,,,,,,,,,,,,,,,,,,,,,,,,,,,,,,,,,,,,,,89.57961960000102,92.67938549999963,None,89.66256559999601,None,0.010421580009278841,0.07114448001084384,,,,,,,,,,,,,,,,,,,,,,,,,,
