﻿practice.thisRepN,practice.thisTrialN,practice.thisN,practice.thisIndex,text_2.started,text_2.stopped,key_resp.keys,key_resp.rt,key_resp.started,key_resp.stopped,prac_fixation_jitter.started,prac_fixation_jitter.stopped,target_prac.started,target_prac.stopped,key_resp_prac.keys,key_resp_prac.rt,key_resp_prac.started,key_resp_prac.stopped,feedback_screen_prac.started,feedback_screen_prac.stopped,image.started,image.stopped,participant,date,expName,psychopyVersion,frameRate,
,,,,9.87352820020169,None,space,0.7528342001605779,9.87352820020169,None,,,,,,,,,,,,,,2021_Jun_30_1812,PVT,2020.2.5,60.08864279726232,
0,0,0,0,,,,,,,10.657422700198367,14.558728200150654,14.540165900019929,None,space,6.41106400010176,10.657422700198367,None,None,None,17.109080400085077,None,,2021_Jun_30_1812,PVT,2020.2.5,60.08864279726232,
1,0,1,0,,,,,,,17.62419920018874,21.525882000103593,21.506817700108513,None,space,5.486633100081235,17.62419920018874,None,None,None,23.14014480006881,None,,2021_Jun_30_1812,PVT,2020.2.5,60.08864279726232,
2,0,2,0,,,,,,,23.640001100022346,27.5423830000218,27.523597300052643,None,space,5.176845799898729,23.640001100022346,None,None,None,28.840994300087914,None,,2021_Jun_30_1812,PVT,2020.2.5,60.08864279726232,
