﻿practice.thisRepN,practice.thisTrialN,practice.thisN,practice.thisIndex,trials.thisRepN,trials.thisTrialN,trials.thisN,trials.thisIndex,text_2.started,text_2.stopped,key_resp.keys,key_resp.rt,key_resp.started,key_resp.stopped,prac_fixation_jitter.started,prac_fixation_jitter.stopped,target_prac.started,target_prac.stopped,key_resp_prac.keys,key_resp_prac.rt,key_resp_prac.started,key_resp_prac.stopped,feedback_screen_prac.started,feedback_screen_prac.stopped,image.started,image.stopped,text_4.started,text_4.stopped,key_resp_4.keys,key_resp_4.rt,key_resp_4.started,key_resp_4.stopped,text_3.started,text_3.stopped,key_resp_2.keys,key_resp_2.rt,key_resp_2.started,key_resp_2.stopped,p_port_2.started,p_port_2.stopped,image_2.started,image_2.stopped,Fixation_Jitter.started,Fixation_Jitter.stopped,Response.keys,Response.started,Response.stopped,trialStartPort.started,trialStartPort.stopped,image_3.started,image_3.stopped,key_resp_3.keys,key_resp_3.rt,key_resp_3.started,key_resp_3.stopped,targetPort.started,targetPort.stopped,correctRespPort.started,correctRespPort.stopped,fixationPort3.started,fixationPort3.stopped,Feedback_screen.started,Feedback_screen.stopped,incorrectRespPort1.started,incorrectRespPort1.stopped,incorrectRespPort2.started,incorrectRespPort2.stopped,Fixation_ITI.started,Fixation_ITI.stopped,Response.rt,text.started,text.stopped,participant,date,expName,psychopyVersion,frameRate,
,,,,,,,,18.64811660000123,None,space,11.209955800004536,18.64811660000123,None,,,,,,,,,,,,,,,,,,,,,,,,,,,,,,,,,,,,,,,,,,,,,,,,,,,,,,,,,,,Brendan,2021_Jul_16_0815,PVT,2020.2.5,59.92997781097653,
0,0,0,0,,,,,,,,,,,29.883750500011956,35.883867300028214,35.86686670000199,None,space,6.390283699991414,29.883750500011956,None,None,None,36.30070560000604,None,,,,,,,,,,,,,,,,,,,,,,,,,,,,,,,,,,,,,,,,,,,,,,,Brendan,2021_Jul_16_0815,PVT,2020.2.5,59.92997781097653,
1,0,1,0,,,,,,,,,,,36.800690700009,42.80021730001317,42.78373890000512,None,space,6.321311000006972,36.800690700009,None,None,None,43.15071180000086,None,,,,,,,,,,,,,,,,,,,,,,,,,,,,,,,,,,,,,,,,,,,,,,,Brendan,2021_Jul_16_0815,PVT,2020.2.5,59.92997781097653,
2,0,2,0,,,,,,,,,,,43.65021450002678,49.65041990001919,49.63380780001171,None,space,6.319461599981878,43.65021450002678,None,None,None,50.000400500022806,None,,,,,,,,,,,,,,,,,,,,,,,,,,,,,,,,,,,,,,,,,,,,,,,Brendan,2021_Jul_16_0815,PVT,2020.2.5,59.92997781097653,
3,0,3,0,,,,,,,,,,,50.50042050000047,56.50056770001538,56.483864600013476,None,space,6.277726600004826,50.50042050000047,None,None,None,56.800249800027814,None,,,,,,,,,,,,,,,,,,,,,,,,,,,,,,,,,,,,,,,,,,,,,,,Brendan,2021_Jul_16_0815,PVT,2020.2.5,59.92997781097653,
4,0,4,0,,,,,,,,,,,57.30039530000067,63.30048780000652,63.2837180000206,None,space,6.253528700006427,57.30039530000067,None,None,None,63.58392240002286,None,,,,,,,,,,,,,,,,,,,,,,,,,,,,,,,,,,,,,,,,,,,,,,,Brendan,2021_Jul_16_0815,PVT,2020.2.5,59.92997781097653,
,,,,,,,,,,,,,,,,,,,,,,,,,,64.08390110000619,None,z,35.39011110001593,64.08390110000619,None,,,,,,,,,,,,,,,,,,,,,,,,,,,,,,,,,,,,,,,,,Brendan,2021_Jul_16_0815,PVT,2020.2.5,59.92997781097653,
,,,,,,,,,,,,,,,,,,,,,,,,,,,,,,,,99.50124700000742,None,space,2.5967947999888565,99.50124700000742,None,,,,,,,,,,,,,,,,,,,,,,,,,,,,,,,,,,,Brendan,2021_Jul_16_0815,PVT,2020.2.5,59.92997781097653,
,,,,0,0,0,0,,,,,,,,,,,,,,,,,,,,,,,,,,,,,,,0.012416229990776628,0.5079745299881324,102.11769290000666,None,102.6504861000285,108.25082760001533,None,102.7339538000233,None,0.007930429972475395,0.0825459299958311,108.35062190002645,None,space,0.2903816000034567,108.3674884000211,None,0.006539330002851784,0.030134930013446137,0.0036113300011493266,0.14029092999408022,108.70045000000391,None,None,None,None,None,None,None,108.88386800000444,None,,,,Brendan,2021_Jul_16_0815,PVT,2020.2.5,59.92997781097653,
,,,,1,0,1,0,,,,,,,,,,,,,,,,,,,,,,,,,,,,,,,,,,,109.384423600015,None,space,109.46728520002216,None,0.010200329968938604,0.0704580299789086,None,None,None,,None,None,None,None,None,None,None,None,110.90030140001909,None,0.012065889983205125,0.1571887899772264,0.29045878996839747,0.42403638997348025,112.9010390000185,None,1.3827292999776546,,,Brendan,2021_Jul_16_0815,PVT,2020.2.5,59.92997781097653,
,,,,2,0,2,0,,,,,,,,,,,,,,,,,,,,,,,,,,,,,,,,,,,113.40094200000749,121.20066950001637,None,113.48397070000647,None,0.011974029999691993,0.07356402999721467,121.30086270000902,None,space,0.30871270000352524,121.31725420002476,None,0.0075811299902852625,0.0322142299846746,0.004945529974065721,0.14340072995400988,121.66722140001366,None,None,None,None,None,None,None,121.85046310001053,None,,,,Brendan,2021_Jul_16_0815,PVT,2020.2.5,59.92997781097653,
,,,,3,0,3,0,,,,,,,,,,,,,,,,,,,,,,,,,,,,,,,,,,,122.35089400000288,128.9508412000141,None,122.433992700011,None,0.01043942998512648,0.07097562999115326,129.05124190001516,None,space,0.32637609998346306,129.06742580002174,None,0.0075706299976445735,0.0324474299850408,0.0047311300004366785,0.14283202998922206,129.4338768000016,None,None,None,None,None,None,None,129.61713580001378,None,,,,Brendan,2021_Jul_16_0815,PVT,2020.2.5,59.92997781097653,
,,,,4,0,4,0,,,,,,,,,,,,,,,,,,,,,,,,,,,,,,,,,,,130.117662500008,138.7174085000006,None,130.20082590001402,None,0.010508530016522855,0.07113202998880297,138.81737940001767,None,space,0.35233449999941513,138.83440020002308,None,0.007223529973998666,0.031013729982078075,0.004836929991142824,0.1432472299784422,139.23401180002838,None,None,None,None,None,None,None,139.41728690001764,None,,,,Brendan,2021_Jul_16_0815,PVT,2020.2.5,59.92997781097653,
,,,,5,0,5,0,,,,,,,,,,,,,,,,,,,,,,,,,,,,,,,,,,,139.91781650000485,148.01743110001553,None,140.00083110001287,None,0.010465329978615046,0.07073762998334132,148.1174946000101,None,space,0.29163759999210015,148.1342034000263,None,0.007400029979180545,0.031440329970791936,0.00447902997257188,0.14222082996275276,148.4675112000259,None,None,None,None,None,None,None,148.65079520002473,None,,,,Brendan,2021_Jul_16_0815,PVT,2020.2.5,59.92997781097653,
,,,,6,0,6,0,,,,,,,,,,,,,,,,,,,,,,,,,,,,,,,,,,,149.15113040001597,154.2507829000242,None,149.23461530002533,None,0.010387129994342104,0.07081862998893484,154.35095280001406,None,space,0.33843679999699816,154.3675003000244,None,0.007484629983082414,0.03179432998877019,0.004858129977947101,0.14264682997600175,154.7507423000061,None,None,None,None,None,None,None,154.93400520001887,None,,,,Brendan,2021_Jul_16_0815,PVT,2020.2.5,59.92997781097653,
,,,,7,0,7,0,,,,,,,,,,,,,,,,,,,,,,,,,,,,,,,,,,,155.43569120002212,165.25136810002732,None,155.51752750002197,None,0.010438229975989088,0.07104362998506986,165.33426080000936,None,space,0.41956030001165345,165.3509760000161,None,0.007472430006600916,0.03182073001516983,0.00495612999657169,0.1433405299903825,165.81755260002683,None,None,None,None,None,None,None,166.00075270002708,None,,,,Brendan,2021_Jul_16_0815,PVT,2020.2.5,59.92997781097653,
,,,,8,0,8,0,,,,,,,,,,,,,,,,,,,,,,,,,,,,,,,,,,,166.50130830000853,173.60096290000365,None,166.58431820000987,None,0.010250529972836375,0.07076032998156734,173.70089330000337,None,space,0.2685726000054274,173.71764080002322,None,0.007544929976575077,0.03195702997618355,0.004963629966368899,0.14346142997965217,174.01763990000472,None,None,None,None,None,None,None,174.20086609999998,None,,,,Brendan,2021_Jul_16_0815,PVT,2020.2.5,59.92997781097653,
,,,,9,0,9,0,,,,,,,,,,,,,,,,,,,,,,,,,,,,,,,,,,,174.7014917000197,178.40111460001208,None,174.78415410002344,None,0.010432730021420866,0.0708712300111074,178.47960970000713,None,space,0.3084757000033278,178.5175008000224,None,0.007736929983366281,0.01104543000110425,0.004941729974234477,0.14309062997926958,178.86753320001299,None,None,None,None,None,None,None,179.050793900009,None,,,,Brendan,2021_Jul_16_0815,PVT,2020.2.5,59.92997781097653,
,,,,10,0,10,0,,,,,,,,,,,,,,,,,,,,,,,,,,,,,,,,,,,179.55096840002807,185.3511498000007,None,179.63427630002843,None,0.010391930001787841,0.07054503000108525,185.45109460002277,None,space,0.2943698999879416,185.46763960001408,None,0.007564230007119477,0.03217582998331636,0.0048210299864877015,0.1432157299714163,185.80066760000773,None,None,None,None,None,None,None,185.9841905000212,None,,,,Brendan,2021_Jul_16_0815,PVT,2020.2.5,59.92997781097653,
,,,,11,0,11,0,,,,,,,,,,,,,,,,,,,,,,,,,,,,,,,,,,,186.4846301000216,195.5843365000037,None,186.56750810000813,None,0.010399129998404533,0.07090832997346297,195.68425410002237,None,space,0.2693357999960426,195.7012373000034,None,0.007638029986992478,0.03198462998261675,0.004921129991998896,0.14326542997150682,196.0174816000217,None,None,None,None,None,None,None,196.20093110000016,None,,,,Brendan,2021_Jul_16_0815,PVT,2020.2.5,59.92997781097653,
,,,,12,0,12,0,,,,,,,,,,,,,,,,,,,,,,,,,,,,,,,,,,,196.70133970002644,206.50126770001953,None,196.7844634000212,None,0.010311229998478666,0.07056193001335487,206.6014135000005,None,space,0.2396823999879416,206.61803450001753,None,0.007623329991474748,0.03230843000346795,0.004807229997823015,0.14313072999357246,206.9008007000084,None,None,None,None,None,None,None,207.0843031000113,None,,,,Brendan,2021_Jul_16_0815,PVT,2020.2.5,59.92997781097653,
,,,,13,0,13,0,,,,,,,,,,,,,,,,,,,,,,,,,,,,,,,,,,,207.5847864000243,213.18455120001454,None,207.66775750002125,None,0.01047663000645116,0.07096132999868132,213.28469750002841,None,space,0.2607681999797933,213.3012115000165,None,0.007657629990717396,0.032292429998051375,0.004894829995464534,0.14351702999556437,213.6010143000167,None,None,None,None,None,None,None,213.78441310001654,None,,,,Brendan,2021_Jul_16_0815,PVT,2020.2.5,59.92997781097653,
,,,,14,0,14,0,,,,,,,,,,,,,,,,,,,,,,,,,,,,,,,,,,,214.28462140000192,218.38456050000968,None,214.36784730001818,None,0.010460129997227341,0.07091623000451364,218.48443550002412,None,space,0.27707229999941774,218.50100270000985,None,0.007648729981156066,0.03196172998286784,0.004676929995184764,0.14276332998997532,218.81768080001348,None,None,None,None,None,None,None,219.00103370001307,None,,,,Brendan,2021_Jul_16_0815,PVT,2020.2.5,59.92997781097653,
,,,,15,0,15,0,,,,,,,,,,,,,,,,,,,,,,,,,,,,,,,,,,,219.50147050002124,225.80128820001846,None,219.58452320002834,None,0.010225529986200854,0.07054852999863215,225.90127900001244,None,space,0.2682988000160549,225.91788120000274,None,0.007660429953830317,0.031796029972610995,0.004762330005178228,0.1428401299926918,226.21793420001632,None,None,None,None,None,None,None,226.40103600002476,None,,,,Brendan,2021_Jul_16_0815,PVT,2020.2.5,59.92997781097653,
,,,,16,0,16,0,,,,,,,,,,,,,,,,,,,,,,,,,,,,,,,,,,,226.90158530001645,232.80133970000315,None,226.985524800024,None,0.01039212997420691,0.07254852997721173,232.91798200001358,None,space,0.28303020002203993,232.93455990002258,None,0.0074495299777481705,0.031766229978529736,0.004863929993007332,0.142905629996676,233.25110250001308,None,None,None,None,None,None,None,233.43548500002362,None,,,,Brendan,2021_Jul_16_0815,PVT,2020.2.5,59.92997781097653,
,,,,17,0,17,0,,,,,,,,,,,,,,,,,,,,,,,,,,,,,,,,,,,233.93470950002666,242.8346850000089,None,234.01790030000848,None,0.01035792997572571,0.07069802997284569,242.9347042000154,None,space,0.2662308999861125,242.95127810002305,None,0.007740329980151728,0.03230622998671606,0.00513832998694852,0.14341672998853028,243.25140920002013,None,None,None,None,None,None,None,243.4345518000191,None,,,,Brendan,2021_Jul_16_0815,PVT,2020.2.5,59.92997781097653,
,,,,18,0,18,0,,,,,,,,,,,,,,,,,,,,,,,,,,,,,,,,,,,243.93498850002652,250.2348216000246,None,244.01791790002608,None,0.010379129991633818,0.07092662999639288,250.33465510001406,None,space,0.26619619998382404,250.3516202000028,None,0.0074461299809627235,0.03189492999808863,0.0048056299856398255,0.14279342998634093,250.6513575000281,None,None,None,None,None,None,None,250.83452110001235,None,,,,Brendan,2021_Jul_16_0815,PVT,2020.2.5,59.92997781097653,
,,,,19,0,19,0,,,,,,,,,,,,,,,,,,,,,,,,,,,,,,,,,,,251.3350917000207,255.3345388000016,None,251.41810530002113,None,0.010482129990123212,0.07078522999654524,255.43468420000863,None,space,0.32666240000980906,255.45136790000834,None,0.007575929979793727,0.03184452999266796,0.004709829983767122,0.14314782997826114,255.81798640001216,None,None,None,None,None,None,None,256.00131910000346,None,,,,Brendan,2021_Jul_16_0815,PVT,2020.2.5,59.92997781097653,
,,,,20,0,20,0,,,,,,,,,,,,,,,,,,,,,,,,,,,,,,,,,,,256.5015351000184,264.40150040001026,None,256.5847614000086,None,0.010308829980203882,0.07086993000120856,264.5013617000077,None,space,0.29193110001506284,264.5180012000201,None,0.0075857299962081015,0.03202963000512682,0.004575429979013279,0.14230962996953167,264.85144700002274,None,None,None,None,None,None,None,265.03452150002704,None,,,,Brendan,2021_Jul_16_0815,PVT,2020.2.5,59.92997781097653,
,,,,21,0,21,0,,,,,,,,,,,,,,,,,,,,,,,,,,,,,,,,,,,265.5349431000068,275.13485610001953,None,265.617968800012,None,0.010471029992913827,0.0709180299891159,275.23484910000116,None,space,0.28595530000166036,275.2518815000076,None,0.007552430004579946,0.031881930015515536,0.004974329989636317,0.14371872998890467,275.5848358000221,None,None,None,None,None,None,None,275.7681646000128,None,,,,Brendan,2021_Jul_16_0815,PVT,2020.2.5,59.92997781097653,
,,,,22,0,22,0,,,,,,,,,,,,,,,,,,,,,,,,,,,,,,,,,,,276.26845920001506,278.76814900001045,None,276.3514950000099,None,0.010145129985176027,0.07059052999829873,278.86807090000366,None,space,0.3571695999999065,278.8847569000209,None,0.007561729988083243,0.03192082999157719,0.005356429988751188,0.14421842998126522,279.28487360000145,None,None,None,None,None,None,None,279.4680072000192,None,,,,Brendan,2021_Jul_16_0815,PVT,2020.2.5,59.92997781097653,
,,,,23,0,23,0,,,,,,,,,,,,,,,,,,,,,,,,,,,,,,,,,,,279.96829840002465,283.1682331000047,None,280.0514038000256,None,0.010377829981734976,0.07082912998157553,283.2681227000139,None,space,0.27707049998571165,283.2849170000118,None,0.007517129968618974,0.031680729996878654,0.004785330005688593,0.14337113001965918,283.6013335000025,None,None,None,None,None,None,None,283.78477740002563,None,,,,Brendan,2021_Jul_16_0815,PVT,2020.2.5,59.92997781097653,
,,,,24,0,24,0,,,,,,,,,,,,,,,,,,,,,,,,,,,,,,,,,,,284.2850831000251,288.08517180001945,None,284.36827350000385,None,0.010383629996795207,0.07093143000383861,288.18483500002185,None,space,0.24822490001679398,288.20161600000574,None,0.007533929980127141,0.03191552998032421,0.004835029976675287,0.1428074299765285,288.484777900012,None,None,None,None,None,None,None,288.66803150001215,None,,,,Brendan,2021_Jul_16_0815,PVT,2020.2.5,59.92997781097653,
,,,,25,0,25,0,,,,,,,,,,,,,,,,,,,,,,,,,,,,,,,,,,,289.168428200006,291.768416100007,None,289.2515169000253,None,0.009962829964933917,0.06972802997916006,291.86824350000825,None,space,0.24493009998695925,291.8849773000111,None,0.007519829989178106,0.0319602299714461,0.004956529999617487,0.14292903000023216,292.1682824000018,None,None,None,None,None,None,None,292.35135950002586,None,,,,Brendan,2021_Jul_16_0815,PVT,2020.2.5,59.92997781097653,
,,,,26,0,26,0,,,,,,,,,,,,,,,,,,,,,,,,,,,,,,,,,,,292.8518406000221,300.55154540002695,None,292.9348970000283,None,0.010671130003174767,0.07100492998142727,300.6517965000239,None,space,0.24622400000225753,300.66764210001566,None,0.007818229962140322,0.032719829963753,0.004710629989858717,0.1428700299875345,300.9515677000163,None,None,None,None,None,None,None,301.13471010001376,None,,,,Brendan,2021_Jul_16_0815,PVT,2020.2.5,59.92997781097653,
,,,,27,0,27,0,,,,,,,,,,,,,,,,,,,,,,,,,,,,,,,,,,,301.63484340001014,307.7353874000255,None,301.71822930002236,None,0.010401129984529689,0.07089353000628762,307.83494770000107,None,space,0.3104148999846075,307.8515715000103,None,0.007568729983177036,0.03213332997984253,0.00488352999673225,0.1433555300172884,308.20157250002376,None,None,None,None,None,None,None,308.38485140001285,None,,,,Brendan,2021_Jul_16_0815,PVT,2020.2.5,59.92997781097653,
,,,,28,0,28,0,,,,,,,,,,,,,,,,,,,,,,,,,,,,,,,,,,,308.8854606000241,318.4850466000207,None,308.96845450002,None,0.010394129989435896,0.07080942997708917,318.58520910001243,None,space,0.2559223000134807,318.6018921000068,None,0.007302729994989932,0.031176729971775785,0.004819430003408343,0.14301262999651954,318.9016299000068,None,None,None,None,None,None,None,319.0850819000043,None,,,,Brendan,2021_Jul_16_0815,PVT,2020.2.5,59.92997781097653,
,,,,29,0,29,0,,,,,,,,,,,,,,,,,,,,,,,,,,,,,,,,,,,319.58550660000765,327.0850689000217,None,319.6684515000088,None,0.010451629990711808,0.07099273000494577,327.1850160000031,None,space,0.27262709999922663,327.20169200000237,None,0.007486229995265603,0.031814129994018,0.004650729999411851,0.1427775299816858,327.5182617000246,None,None,None,None,None,None,None,327.7015242000052,None,,,,Brendan,2021_Jul_16_0815,PVT,2020.2.5,59.92997781097653,
,,,,30,0,30,0,,,,,,,,,,,,,,,,,,,,,,,,,,,,,,,,,,,328.2020477000042,337.4017044000211,None,328.2850210000179,None,0.010469929984537885,0.07092902998556383,337.50172840000596,None,space,0.24348810000810772,337.5184291000187,None,0.007164330017985776,0.03097923001041636,0.0048695300065446645,0.14315073000034317,337.8017535000108,None,None,None,None,None,None,None,337.98509850000846,None,,,,Brendan,2021_Jul_16_0815,PVT,2020.2.5,59.92997781097653,
,,,,31,0,31,0,,,,,,,,,,,,,,,,,,,,,,,,,,,,,,,,,,,338.48555620000116,345.8851146000088,None,338.5686160000041,None,0.010299029992893338,0.07084702997235581,345.98515800002497,None,space,0.25578749997657724,346.00196570000844,None,0.007580629986478016,0.03202452999539673,0.004802329989615828,0.14295802998822182,346.3018910000101,None,None,None,None,None,None,None,346.4852590000082,None,,,,Brendan,2021_Jul_16_0815,PVT,2020.2.5,59.92997781097653,
,,,,32,0,32,0,,,,,,,,,,,,,,,,,,,,,,,,,,,,,,,,,,,346.98527910001576,351.8851230000146,None,347.06851350000943,None,0.010579330002656206,0.07105383000453003,351.98511330000474,None,space,0.26421280001522973,352.00180730002467,None,0.007678829977521673,0.03201752997119911,0.0048093299847096205,0.14264452998759225,352.30186600002344,None,None,None,None,None,None,None,352.485272800026,None,,,,Brendan,2021_Jul_16_0815,PVT,2020.2.5,59.92997781097653,
,,,,33,0,33,0,,,,,,,,,,,,,,,,,,,,,,,,,,,,,,,,,,,352.9854014000157,355.98516560002463,None,353.06859910002095,None,0.010488029976841062,0.07103242995799519,356.08527370000957,None,space,0.25996960001066327,356.101899900008,None,0.007569129986222833,0.032134029985172674,0.004810629994608462,0.1430978300049901,356.40165150002576,None,None,None,None,None,None,None,356.5857575000264,None,,,,Brendan,2021_Jul_16_0815,PVT,2020.2.5,59.92997781097653,
,,,,34,0,34,0,,,,,,,,,,,,,,,,,,,,,,,,,,,,,,,,,,,357.0853054000181,361.4853220000223,None,357.1684867000149,None,0.010554229986155406,0.07106512997415848,361.5852221000241,None,space,0.23190700000850484,361.6019762000069,None,0.007604929996887222,0.03201212998828851,0.005342429969459772,0.14367692999076098,361.8687419000198,None,None,None,None,None,None,None,362.05190370001947,None,,,,Brendan,2021_Jul_16_0815,PVT,2020.2.5,59.92997781097653,
,,,,35,0,35,0,,,,,,,,,,,,,,,,,,,,,,,,,,,,,,,,,,,362.5521230000013,370.4518676000007,None,362.635320100002,None,0.010453629976836964,0.07116522997966968,370.5519595000078,None,space,0.23314160000882111,370.56861930000014,None,0.007607629988342524,0.03196562998346053,0.00503462998312898,0.14362502997391857,370.8352915000287,None,None,None,None,None,None,None,371.0185057000199,None,,,,Brendan,2021_Jul_16_0815,PVT,2020.2.5,59.92997781097653,
,,,,36,0,36,0,,,,,,,,,,,,,,,,,,,,,,,,,,,,,,,,,,,371.5188948000141,374.7185255000077,None,371.6019006000133,None,0.010640230000717565,0.07120782998390496,374.81879930000287,None,space,0.26265990000683814,374.8353222000005,None,0.0075227299821563065,0.0320442299998831,0.004671429982408881,0.1425082299974747,375.13526870001806,None,None,None,None,None,None,None,375.31848630000604,None,,,,Brendan,2021_Jul_16_0815,PVT,2020.2.5,59.92997781097653,
,,,,37,0,37,0,,,,,,,,,,,,,,,,,,,,,,,,,,,,,,,,,,,375.8189314000192,385.0187740000256,None,375.90179670002544,None,0.010360329964896664,0.07110622996697202,385.11860000001616,None,space,0.24247420000028796,385.13544880002155,None,0.0076503299933392555,0.031944129994371906,0.004961130005540326,0.1433013300120365,385.41875180002535,None,None,None,None,None,None,None,385.6020253000024,None,,,,Brendan,2021_Jul_16_0815,PVT,2020.2.5,59.92997781097653,
,,,,38,0,38,0,,,,,,,,,,,,,,,,,,,,,,,,,,,,,,,,,,,386.10238900000695,389.20202010002686,None,386.18567690000054,None,0.010415030003059655,0.0712373300048057,389.30196120002074,None,space,0.29926259999047033,389.318651700014,None,0.007628630002727732,0.03190962999360636,0.00472202998935245,0.1424044299928937,389.6519849000033,None,None,None,None,None,None,None,389.83523730002344,None,,,,Brendan,2021_Jul_16_0815,PVT,2020.2.5,59.92997781097653,
,,,,39,0,39,0,,,,,,,,,,,,,,,,,,,,,,,,,,,,,,,,,,,390.3356123000267,396.435412300023,None,390.41893600000185,None,0.010396829980891198,0.07081102998927236,396.53548750001937,None,space,0.3299582999898121,396.5519972000038,None,0.007500229985453188,0.031926429976010695,0.004698929988080636,0.14256002998445183,396.9187017000222,None,None,None,None,None,None,None,397.102003100008,None,,,,Brendan,2021_Jul_16_0815,PVT,2020.2.5,59.92997781097653,
,,,,40,0,40,0,,,,,,,,,,,,,,,,,,,,,,,,,,,,,,,,,,,397.60232060001,405.30226960001164,None,397.6854077000171,None,0.010447529988596216,0.07116892997873947,405.4022033000074,None,space,0.23106360001838766,405.41888320000726,None,0.007644829980563372,0.03210192997357808,0.004544429975794628,0.14236082998104393,405.68533720000414,None,None,None,None,None,None,None,405.86853200002224,None,,,,Brendan,2021_Jul_16_0815,PVT,2020.2.5,59.92997781097653,
,,,,41,0,41,0,,,,,,,,,,,,,,,,,,,,,,,,,,,,,,,,,,,406.3690139000246,408.6689943000092,None,406.4520555000054,None,0.010488129977602512,0.07099882999318652,408.7688029000128,None,space,0.28847830000449903,408.7854481000104,None,0.007659329974558204,0.03204322996316478,0.0049832299700938165,0.14324452995788306,409.1191812000179,None,None,None,None,None,None,None,409.30211460002465,None,,,,Brendan,2021_Jul_16_0815,PVT,2020.2.5,59.92997781097653,
,,,,42,0,42,0,,,,,,,,,,,,,,,,,,,,,,,,,,,,,,,,,,,409.8023611000099,411.8019937000063,None,409.88542730000336,None,0.010420029982924461,0.07069812997360714,411.9021342000051,None,space,0.29908919997978956,411.9188521000033,None,0.007631429994944483,0.032042129983892664,0.004824630013899878,0.1424841299885884,412.2522321000288,None,None,None,None,None,None,None,412.4354491000122,None,,,,Brendan,2021_Jul_16_0815,PVT,2020.2.5,59.92997781097653,
,,,,43,0,43,0,,,,,,,,,,,,,,,,,,,,,,,,,,,,,,,,,,,412.9358291000244,416.13551810002537,None,413.01880410002195,None,0.010401729959994555,0.070618329977151,416.2354213000217,None,space,0.24573460000101477,416.252060800005,None,0.007669929997064173,0.03201202998752706,0.004602130007697269,0.14245353001751937,416.5355702000088,None,None,None,None,None,None,None,416.71897290000925,None,,,,Brendan,2021_Jul_16_0815,PVT,2020.2.5,59.92997781097653,
,,,,44,0,44,0,,,,,,,,,,,,,,,,,,,,,,,,,,,,,,,,,,,417.2188276000088,424.6188555000117,None,417.30213270001695,None,0.0105210299952887,0.07115743000758812,424.71882100001676,None,space,0.28241179999895394,424.73554380002315,None,0.0076555300038307905,0.03196453000418842,0.004656629986129701,0.14246812998317182,425.05217850001645,None,None,None,None,None,None,None,425.23546180000994,None,,,,Brendan,2021_Jul_16_0815,PVT,2020.2.5,59.92997781097653,
,,,,45,0,45,0,,,,,,,,,,,,,,,,,,,,,,,,,,,,,,,,,,,425.7358642000181,433.23575730001903,None,425.81909970002016,None,0.010273029998643324,0.07065742998383939,433.33557070000097,None,space,0.26584949999232776,433.3520869000058,None,0.007416830019792542,0.0317432300071232,0.005296629999065772,0.143597829999635,433.652564500022,None,None,None,None,None,None,None,433.835424000019,None,,,,Brendan,2021_Jul_16_0815,PVT,2020.2.5,59.92997781097653,
,,,,46,0,46,0,,,,,,,,,,,,,,,,,,,,,,,,,,,,,,,,,,,434.33588410000084,443.235555900028,None,434.41886850001174,None,0.010386730020400137,0.07069732999661937,443.335681400029,None,space,0.2578014000027906,443.3521788000071,None,0.007655730005353689,0.0322179299837444,0.0047583299747202545,0.14302092997240834,443.6522198000166,None,None,None,None,None,None,None,443.8355870000087,None,,,,Brendan,2021_Jul_16_0815,PVT,2020.2.5,59.92997781097653,
,,,,47,0,47,0,,,,,,,,,,,,,,,,,,,,,,,,,,,,,,,,,,,444.3360465000151,450.43582850001985,None,444.4190267000231,None,0.010320429981220514,0.0709833299915772,450.53578150001704,None,space,0.30563859999529086,450.55223720002687,None,0.007546329987235367,0.032113330002175644,0.004904630011878908,0.1432323300105054,450.90227970000706,None,None,None,None,None,None,None,451.08550530002685,None,,,,Brendan,2021_Jul_16_0815,PVT,2020.2.5,59.92997781097653,
,,,,48,0,48,0,,,,,,,,,,,,,,,,,,,,,,,,,,,,,,,,,,,451.5860073000076,457.68566600000486,None,451.66899110001395,None,0.010477129981154576,0.07080462999874726,457.7855174000142,None,space,0.2798448000103235,457.8021114000003,None,0.0076580299937631935,0.03192872999352403,0.0048494299990125,0.14296652999473736,458.1190175000229,None,None,None,None,None,None,None,458.3022195000085,None,,,,Brendan,2021_Jul_16_0815,PVT,2020.2.5,59.92997781097653,
,,,,49,0,49,0,,,,,,,,,,,,,,,,,,,,,,,,,,,,,,,,,,,458.80263900000136,461.60244950000197,None,458.88575150002725,None,0.010363029985455796,0.07086122999317013,461.70240330000524,None,space,0.24316059998818673,461.7188225000282,None,0.00754302999121137,0.0319445299974177,0.004943629988702014,0.143400129978545,462.0024859000114,None,None,None,None,None,None,None,462.1857945000229,None,,,,Brendan,2021_Jul_16_0815,PVT,2020.2.5,59.92997781097653,
,,,,50,0,50,0,,,,,,,,,,,,,,,,,,,,,,,,,,,,,,,,,,,462.68608280000626,471.8857384000148,None,462.7690599000198,None,0.010290829959558323,0.07065982997301035,471.98557330001495,None,space,0.2474692999967374,472.0023785000085,None,0.0076333300094120204,0.03159043000778183,0.004624430002877489,0.14238593002664857,472.2856968000124,None,None,None,None,None,None,None,472.4690196000156,None,,,,Brendan,2021_Jul_16_0815,PVT,2020.2.5,59.92997781097653,
,,,,51,0,51,0,,,,,,,,,,,,,,,,,,,,,,,,,,,,,,,,,,,472.9694040000031,482.2693696000206,None,473.05238110001665,None,0.01038033000077121,0.07080643001245335,482.36897890002,None,space,0.2726124000037089,482.3856037000078,None,0.007670830003917217,0.031944329995894805,0.00486712998826988,0.14332172999274917,482.70244600001024,None,None,None,None,None,None,None,482.8858023000066,None,,,,Brendan,2021_Jul_16_0815,PVT,2020.2.5,59.92997781097653,
,,,,52,0,52,0,,,,,,,,,,,,,,,,,,,,,,,,,,,,,,,,,,,483.38604930002475,486.68583570001647,None,483.46945410000626,None,0.010376630001701415,0.07084252999629825,486.78592510000453,None,space,0.31917089998023584,486.8028555000201,None,0.007582730002468452,0.032138230017153546,0.004702029982581735,0.14281102997483686,487.1691667000123,None,None,None,None,None,None,None,487.3524660000112,None,,,,Brendan,2021_Jul_16_0815,PVT,2020.2.5,59.92997781097653,
,,,,53,0,53,0,,,,,,,,,,,,,,,,,,,,,,,,,,,,,,,,,,,487.852735100023,490.852610300004,None,487.9360265000141,None,0.010278630012180656,0.07067432999610901,490.9526709000056,None,space,0.26473220001207665,490.9693158000009,None,0.0073355300119146705,0.03170533000957221,0.0048819299845490605,0.1426658300042618,491.2692399000225,None,None,None,None,None,None,None,491.4529230000044,None,,,,Brendan,2021_Jul_16_0815,PVT,2020.2.5,59.92997781097653,
,,,,54,0,54,0,,,,,,,,,,,,,,,,,,,,,,,,,,,,,,,,,,,491.9528818000108,495.7525262000272,None,492.0360395000025,None,0.010444429994095117,0.07050972999422811,495.8525120000122,None,space,0.269532700011041,495.8690953000041,None,0.0075851299916394055,0.03167532998486422,0.004714229988167062,0.14266942997346632,496.18599870000617,None,None,None,None,None,None,None,496.36916740000015,None,,,,Brendan,2021_Jul_16_0815,PVT,2020.2.5,59.92997781097653,
,,,,55,0,55,0,,,,,,,,,,,,,,,,,,,,,,,,,,,,,,,,,,,496.8696501000086,503.769523200026,None,496.9525437000266,None,0.010384329973021522,0.07075072996667586,503.86940850000246,None,space,0.2762118999962695,503.88579160001245,None,0.0076002299902029335,0.03212422999786213,0.0048263299686368555,0.1432468299753964,504.2026870000118,None,None,None,None,None,None,None,504.38602160001756,None,,,,Brendan,2021_Jul_16_0815,PVT,2020.2.5,59.92997781097653,
,,,,56,0,56,0,,,,,,,,,,,,,,,,,,,,,,,,,,,,,,,,,,,504.88625580002554,507.3860533000261,None,504.9693368000153,None,0.010258330003125593,0.07052633000421338,507.48605120001594,None,space,0.29941649999818765,507.5025048000098,None,0.00656072999117896,0.03012583000236191,0.004909329989459366,0.14337752998108044,507.83593320002547,None,None,None,None,None,None,None,508.01923540001735,None,,,,Brendan,2021_Jul_16_0815,PVT,2020.2.5,59.92997781097653,
,,,,57,0,57,0,,,,,,,,,,,,,,,,,,,,,,,,,,,,,,,,,,,508.5195639000158,510.81921770001645,None,508.6026760000095,None,0.010387129965238273,0.07092992996331304,510.9191690000007,None,space,0.2660547999839764,510.93581870000344,None,0.007596429990371689,0.03183532998082228,0.004852029989706352,0.1427756299963221,511.23605040000984,None,None,None,None,None,None,None,511.419426700013,None,,,,Brendan,2021_Jul_16_0815,PVT,2020.2.5,59.92997781097653,
,,,,58,0,58,0,,,,,,,,,,,,,,,,,,,,,,,,,,,,,,,,,,,511.91992870002287,515.1194549000065,None,512.0024891000066,None,0.010437029995955527,0.07066042997757904,515.2192711000098,None,space,0.2222124999971129,515.2359085000062,None,0.0074538299813866615,0.03176452999468893,0.0046684299886692315,0.142772530001821,515.502701600024,None,None,None,None,None,None,None,515.6860280000255,None,,,,Brendan,2021_Jul_16_0815,PVT,2020.2.5,59.92997781097653,
,,,,59,0,59,0,,,,,,,,,,,,,,,,,,,,,,,,,,,,,,,,,,,516.1867506000272,521.0862130000023,None,516.2695346000255,None,0.009985530021367595,0.06964013000833802,521.1860704000283,None,space,0.2631986000051256,521.202528200025,None,0.007337629969697446,0.03171222997480072,0.004681730002630502,0.14332032998208888,521.5027357000217,None,None,None,None,None,None,None,521.6860199000221,None,,,,Brendan,2021_Jul_16_0815,PVT,2020.2.5,59.92997781097653,
,,,,60,0,60,0,,,,,,,,,,,,,,,,,,,,,,,,,,,,,,,,,,,522.1862967000052,528.8860884000023,None,522.2694477000041,None,0.010181029967498034,0.07068062998587266,528.9860073000018,None,space,0.2716069000016432,529.0025321000139,None,0.007710630015935749,0.032046630018157884,0.004812330007553101,0.14302322998992167,529.3194896000205,None,None,None,None,None,None,None,529.5027957000129,None,,,,Brendan,2021_Jul_16_0815,PVT,2020.2.5,59.92997781097653,
,,,,61,0,61,0,,,,,,,,,,,,,,,,,,,,,,,,,,,,,,,,,,,530.0031651000027,533.1027714000084,None,530.0859807000088,None,0.010253529995679855,0.07018022998818196,533.2026126000274,None,space,0.2785405999748036,533.2191988000122,None,0.007471129996702075,0.03149783000117168,0.004543929971987382,0.1411720299802255,533.536195600027,None,None,None,None,None,None,None,533.719662700023,None,,,,Brendan,2021_Jul_16_0815,PVT,2020.2.5,59.92997781097653,
,,,,62,0,62,0,,,,,,,,,,,,,,,,,,,,,,,,,,,,,,,,,,,534.2196633000276,539.7194487000233,None,534.3027694000048,None,0.010220529977232218,0.07079062997945584,539.8195775000204,None,space,0.2698256000003312,539.836037800007,None,0.007445329974871129,0.0318290299619548,0.004732529981993139,0.14307032997021452,540.1528320000216,None,None,None,None,None,None,None,540.3362133000046,None,,,,Brendan,2021_Jul_16_0815,PVT,2020.2.5,59.92997781097653,
,,,,63,0,63,0,,,,,,,,,,,,,,,,,,,,,,,,,,,,,,,,,,,540.8359417000029,548.8361246000277,None,540.9195194000204,None,0.010385930014308542,0.07096563000231981,548.9368417000223,None,space,0.26515720001771115,548.9526156000211,None,0.007555730000603944,0.03279743000166491,0.004853629972785711,0.1427087299816776,549.2529527000152,None,None,None,None,None,None,None,549.4366551000276,None,,,,Brendan,2021_Jul_16_0815,PVT,2020.2.5,59.92997781097653,
,,,,64,0,64,0,,,,,,,,,,,,,,,,,,,,,,,,,,,,,,,,,,,549.9364647000039,557.3362246000033,None,550.0195014000055,None,0.010051029996247962,0.06986052999855019,557.4361087000289,None,space,0.18915849999757484,557.4527222000179,None,0.007570329966256395,0.03179802998783998,0.00488793000113219,0.14325642999028787,557.6860322000284,None,None,None,None,None,None,None,557.8696625000157,None,,,,Brendan,2021_Jul_16_0815,PVT,2020.2.5,59.92997781097653,
,,,,65,0,65,0,,,,,,,,,,,,,,,,,,,,,,,,,,,,,,,,,,,558.3697712000285,565.3697612000105,None,558.4530033000046,None,0.01046333002159372,0.07079383000382222,565.469590200024,None,space,0.2757714999897871,565.486068200029,None,0.007559829973615706,0.03197612997610122,0.004769229970406741,0.1432132299814839,565.8030125000223,None,None,None,None,None,None,None,565.9862228000129,None,,,,Brendan,2021_Jul_16_0815,PVT,2020.2.5,59.92997781097653,
,,,,66,0,66,0,,,,,,,,,,,,,,,,,,,,,,,,,,,,,,,,,,,566.4866813000117,570.4863400000031,None,566.5696344000171,None,0.009761029970832169,0.06956602996797301,570.5861571000132,None,space,0.2709140000224579,570.6028029000154,None,0.0073695299797691405,0.03141112998127937,0.004815129970666021,0.1429304299526848,570.9195292000077,None,None,None,None,None,None,None,571.1029418000253,None,,,,Brendan,2021_Jul_16_0815,PVT,2020.2.5,59.92997781097653,
,,,,67,0,67,0,,,,,,,,,,,,,,,,,,,,,,,,,,,,,,,,,,,571.6032175,574.2029971000156,None,571.6864019000204,None,0.010485729959327728,0.07109432996367104,574.303078100027,None,space,0.24236420000670478,574.3196326000034,None,0.007388729980448261,0.03169132999028079,0.004853329999605194,0.1432340299943462,574.602878900012,None,None,None,None,None,None,None,574.7863918000076,None,,,,Brendan,2021_Jul_16_0815,PVT,2020.2.5,59.92997781097653,
,,,,68,0,68,0,,,,,,,,,,,,,,,,,,,,,,,,,,,,,,,,,,,575.2866107000154,579.9862527000078,None,575.3696051000152,None,0.010285530006513,0.07055393001064658,580.0866188000073,None,space,0.2590302999888081,580.1029324000119,None,0.007418830005917698,0.03183962998446077,0.004632430005585775,0.1427653300052043,580.4029215000046,None,None,None,None,None,None,None,580.5867252000025,None,,,,Brendan,2021_Jul_16_0815,PVT,2020.2.5,59.92997781097653,
,,,,69,0,69,0,,,,,,,,,,,,,,,,,,,,,,,,,,,,,,,,,,,581.0865923000092,587.9865592000133,None,581.1697310000018,None,0.010161529993638396,0.07043662999058142,588.0864209000138,None,space,0.3231321999919601,588.1028604000167,None,0.007319329975871369,0.031572129955748096,0.004389729961985722,0.14243512996472418,588.4696722000081,None,None,None,None,None,None,None,588.6530653000227,None,,,,Brendan,2021_Jul_16_0815,PVT,2020.2.5,59.92997781097653,
,,,,70,0,70,0,,,,,,,,,,,,,,,,,,,,,,,,,,,,,,,,,,,589.1533570000029,591.4531613000145,None,589.2363541000232,None,0.010402829968370497,0.07078802998876199,591.5529744000232,None,space,0.2725911999878008,591.5694014000183,None,0.00758152999333106,0.03160903000389226,0.004887729970505461,0.14292532997205853,591.8863435000239,None,None,None,None,None,None,None,592.0695929000212,None,,,,Brendan,2021_Jul_16_0815,PVT,2020.2.5,59.92997781097653,
,,,,71,0,71,0,,,,,,,,,,,,,,,,,,,,,,,,,,,,,,,,,,,592.5701007000171,598.9696618000162,None,592.6530957000214,None,0.01021422998746857,0.071013029984897,599.0698356000066,None,space,0.28335459998925216,599.0863065000158,None,0.007474229991203174,0.03200172999640927,0.004887830000370741,0.14305653001065366,599.4030795000144,None,None,None,None,None,None,None,599.5864504000056,None,,,,Brendan,2021_Jul_16_0815,PVT,2020.2.5,59.92997781097653,
,,,,72,0,72,0,,,,,,,,,,,,,,,,,,,,,,,,,,,,,,,,,,,600.0864089000097,608.9873839000065,None,600.1696826000116,None,0.010263929987559095,0.07062502999906428,609.0868126000278,None,space,0.2586353000078816,609.1032591000258,None,0.006503529992187396,0.029142729996237904,0.005004129983717576,0.14334223000332713,609.4031152000243,None,None,None,None,None,None,None,609.5865010000125,None,,,,Brendan,2021_Jul_16_0815,PVT,2020.2.5,59.92997781097653,
,,,,73,0,73,0,,,,,,,,,,,,,,,,,,,,,,,,,,,,,,,,,,,610.086697700026,612.6864968000154,None,610.1696964000002,None,0.010007529985159636,0.07039152996730991,612.7865863000043,None,space,0.29507319998811,612.8029182000028,None,0.007490929972846061,0.0318976299604401,0.004759430012200028,0.1427622300107032,613.1364858000015,None,None,None,None,None,None,None,613.3198434000078,None,,,,Brendan,2021_Jul_16_0815,PVT,2020.2.5,59.92997781097653,
,,,,74,0,74,0,,,,,,,,,,,,,,,,,,,,,,,,,,,,,,,,,,,613.8201300000073,621.5198906000005,None,613.9030855000019,None,0.010050929995486513,0.07008353000856005,621.6198118000175,None,space,0.21346989998710342,621.6366030000208,None,0.007488729985198006,0.03175413000280969,0.004967029992258176,0.14316492999205366,621.8866068000207,None,None,None,None,None,None,None,622.0698258000193,None,,,,Brendan,2021_Jul_16_0815,PVT,2020.2.5,59.92997781097653,
,,,,75,0,75,0,,,,,,,,,,,,,,,,,,,,,,,,,,,,,,,,,,,622.5706134000211,627.8699829000107,None,622.6530843000219,None,0.01029582999763079,0.07064512997749262,627.9697469000239,None,space,0.2795079999777954,627.9864531000203,None,0.00756362997344695,0.03170922995195724,0.0047501299995929,0.1429882300144527,628.3032106000173,None,None,None,None,None,None,None,628.4864978000114,None,,,,Brendan,2021_Jul_16_0815,PVT,2020.2.5,59.92997781097653,
,,,,76,0,76,0,,,,,,,,,,,,,,,,,,,,,,,,,,,,,,,,,,,628.9869520000066,635.7866071000171,None,629.0698942000163,None,0.010336529987398535,0.07073852999019437,635.8867160000082,None,space,0.27449219999834895,635.9029905000061,None,0.007778729981509969,0.032412629981990904,0.004695629992056638,0.1430414299829863,636.2197570000135,None,None,None,None,None,None,None,636.4031760000216,None,,,,Brendan,2021_Jul_16_0815,PVT,2020.2.5,59.92997781097653,
,,,,77,0,77,0,,,,,,,,,,,,,,,,,,,,,,,,,,,,,,,,,,,636.9035498000158,639.4032580000057,None,636.9867758000037,None,0.010306029987987131,0.07074943001498468,639.5033231000125,None,space,0.258187800005544,639.5197025000234,None,0.007432329992298037,0.03185322997160256,0.004895530000794679,0.14324932999443263,639.8197819000052,None,None,None,None,None,None,None,640.0033584000194,None,,,,Brendan,2021_Jul_16_0815,PVT,2020.2.5,59.92997781097653,
,,,,78,0,78,0,,,,,,,,,,,,,,,,,,,,,,,,,,,,,,,,,,,640.503497800004,643.0033995000122,None,640.5864560000191,None,0.010306729993317276,0.07056862997706048,643.1033537000185,None,space,0.27369639999233186,643.1201721000252,None,0.00743632999365218,0.03175493000890128,0.00484203000087291,0.14352953000343405,643.4365277000179,None,None,None,None,None,None,None,643.6200425000279,None,,,,Brendan,2021_Jul_16_0815,PVT,2020.2.5,59.92997781097653,
,,,,79,0,79,0,,,,,,,,,,,,,,,,,,,,,,,,,,,,,,,,,,,644.1204430000216,652.0201091000054,None,644.2033033000189,None,0.010381029976997524,0.07058333000168204,652.1199681000144,None,space,0.32165050000185147,652.1364709000045,None,0.0076546299969777465,0.03209142998093739,0.004902829969068989,0.1434370299684815,652.5036409000168,None,None,None,None,None,None,None,652.6867463000235,None,,,,Brendan,2021_Jul_16_0815,PVT,2020.2.5,59.92997781097653,
,,,,80,0,80,0,,,,,,,,,,,,,,,,,,,,,,,,,,,,,,,,,,,653.1870011000137,658.3867627000145,None,653.2699247000273,None,0.010473829985130578,0.07066292999661528,658.48678810001,None,space,0.29853870000806637,658.5032064000261,None,0.007040429976768792,0.030979529983596876,0.004805429984116927,0.14266553000197746,658.8368190000183,None,None,None,None,None,None,None,659.0200080000213,None,,,,Brendan,2021_Jul_16_0815,PVT,2020.2.5,59.92997781097653,
,,,,81,0,81,0,,,,,,,,,,,,,,,,,,,,,,,,,,,,,,,,,,,659.5198134000238,662.2200236000062,None,659.6033786000044,None,0.010524629993597046,0.07077662998926826,662.3201993000112,None,space,0.26524420001078397,662.3365403000207,None,0.007646029989700764,0.03213472999050282,0.004809229983948171,0.14262982999207452,662.6366783000121,None,None,None,None,None,None,None,662.8198551000096,None,,,,Brendan,2021_Jul_16_0815,PVT,2020.2.5,59.92997781097653,
,,,,82,0,82,0,,,,,,,,,,,,,,,,,,,,,,,,,,,,,,,,,,,663.3203181000135,667.3201049000199,None,663.403444800002,None,0.010449330002302304,0.07106552997720428,667.4200615000154,None,space,0.27748149997205473,667.4366287000012,None,0.007466829993063584,0.031977030012058094,0.004721629986306652,0.14320592998410575,667.7532844000089,None,None,None,None,None,None,None,667.936437700002,None,,,,Brendan,2021_Jul_16_0815,PVT,2020.2.5,59.92997781097653,
,,,,83,0,83,0,,,,,,,,,,,,,,,,,,,,,,,,,,,,,,,,,,,668.4371574000106,671.8365249000199,None,668.5199425000174,None,0.010502329998416826,0.07100562998675741,671.9367915000184,None,space,0.3204396000073757,671.9532326000044,None,0.007423129980452359,0.03175572998588905,0.00530282998806797,0.14411942998412997,672.320005800022,None,None,None,None,None,None,None,672.503116900014,None,,,,Brendan,2021_Jul_16_0815,PVT,2020.2.5,59.92997781097653,
,,,,84,0,84,0,,,,,,,,,,,,,,,,,,,,,,,,,,,,,,,,,,,673.0039078000118,675.7034652000002,None,673.0865228000039,None,0.010142329992959276,0.07025522997719236,675.8035799000063,None,space,0.2619795999780763,675.8199330000207,None,0.007472929981304333,0.03186192997964099,0.004710529989097267,0.1424812299956102,676.119972400018,None,None,None,None,None,None,None,676.3034589000163,None,,,,Brendan,2021_Jul_16_0815,PVT,2020.2.5,59.92997781097653,
,,,,85,0,85,0,,,,,,,,,,,,,,,,,,,,,,,,,,,,,,,,,,,676.8036756000074,681.2034123000049,None,676.886608700006,None,0.01043793000280857,0.07071373000508174,681.3035504000145,None,space,0.2577981000067666,681.3201091000228,None,0.0075329299725126475,0.031824329955270514,0.004865630005951971,0.14321712998207659,681.6201265000273,None,None,None,None,None,None,None,681.8033905000193,None,,,,Brendan,2021_Jul_16_0815,PVT,2020.2.5,59.92997781097653,
,,,,86,0,86,0,,,,,,,,,,,,,,,,,,,,,,,,,,,,,,,,,,,682.3037373000116,689.6035558000149,None,682.3867390000087,None,0.010312630009138957,0.07101523000164889,689.7033859000076,None,space,0.2817559999821242,689.7200516000157,None,0.007677729998249561,0.031841930001974106,0.004623029992217198,0.14291543001309037,690.0368071000266,None,None,None,None,None,None,None,690.2202175000275,None,,,,Brendan,2021_Jul_16_0815,PVT,2020.2.5,59.92997781097653,
,,,,87,0,87,0,,,,,,,,,,,,,,,,,,,,,,,,,,,,,,,,,,,690.7204342000186,693.7202288000262,None,690.8035110000055,None,0.010270929982652888,0.0707398300000932,693.8203675000113,None,space,0.26974339998560026,693.8366908000025,None,0.007618129980983213,0.03214822997688316,0.0047982299875002354,0.1429829299740959,694.1535960000183,None,None,None,None,None,None,None,694.3369242000044,None,,,,Brendan,2021_Jul_16_0815,PVT,2020.2.5,59.92997781097653,
,,,,88,0,88,0,,,,,,,,,,,,,,,,,,,,,,,,,,,,,,,,,,,694.8372784000239,704.2371639000194,None,694.920145800017,None,0.010367929993662983,0.07076393000897951,704.3368899000052,None,space,0.23254130000714213,704.3533595000044,None,0.007528829999500886,0.03179132999503054,0.004838529974222183,0.1424530299846083,704.62022110002,None,None,None,None,None,None,None,704.8035695000144,None,,,,Brendan,2021_Jul_16_0815,PVT,2020.2.5,59.92997781097653,
,,,,,,,,,,,,,,,,,,,,,,,,,,,,,,,,,,,,,,,,,,,,,,,,,,,,,,,,,,,,,,,,,,,,,,705.303994100017,None,,,,,,
