﻿practice.thisRepN,practice.thisTrialN,practice.thisN,practice.thisIndex,trials.thisRepN,trials.thisTrialN,trials.thisN,trials.thisIndex,text_2.started,text_2.stopped,key_resp.keys,key_resp.rt,key_resp.started,key_resp.stopped,prac_fixation_jitter.started,prac_fixation_jitter.stopped,target_prac.started,target_prac.stopped,key_resp_prac.keys,key_resp_prac.rt,key_resp_prac.started,key_resp_prac.stopped,feedback_screen_prac.started,feedback_screen_prac.stopped,image.started,image.stopped,text_4.started,text_4.stopped,key_resp_4.keys,key_resp_4.rt,key_resp_4.started,key_resp_4.stopped,text_3.started,text_3.stopped,key_resp_2.keys,key_resp_2.rt,key_resp_2.started,key_resp_2.stopped,p_port_2.started,p_port_2.stopped,image_2.started,image_2.stopped,Fixation_Jitter.started,Fixation_Jitter.stopped,Response.keys,Response.started,Response.stopped,trialStartPort.started,trialStartPort.stopped,image_3.started,image_3.stopped,key_resp_3.keys,key_resp_3.rt,key_resp_3.started,key_resp_3.stopped,targetPort.started,targetPort.stopped,correctRespPort.started,correctRespPort.stopped,fixationPort3.started,fixationPort3.stopped,Feedback_screen.started,Feedback_screen.stopped,incorrectRespPort1.started,incorrectRespPort1.stopped,incorrectRespPort2.started,incorrectRespPort2.stopped,Fixation_ITI.started,Fixation_ITI.stopped,text.started,text.stopped,participant,date,expName,psychopyVersion,frameRate,
,,,,,,,,32.351893400002155,None,space,120.80037730000913,32.351893400002155,None,,,,,,,,,,,,,,,,,,,,,,,,,,,,,,,,,,,,,,,,,,,,,,,,,,,,,,,,,,GM-pilot,2021_Jul_08_0932,PVT,2020.2.5,60.128241510007896,
0,0,0,0,,,,,,,,,,,153.1696482999978,156.07010669999,156.05336639999587,None,space,3.1745415999903344,153.1696482999978,None,None,None,156.36994879999838,None,,,,,,,,,,,,,,,,,,,,,,,,,,,,,,,,,,,,,,,,,,,,,,GM-pilot,2021_Jul_08_0932,PVT,2020.2.5,60.128241510007896,
1,0,1,0,,,,,,,,,,,156.8702040999924,159.76967719999084,159.7530698999908,None,space,3.1541448999923887,156.8702040999924,None,None,None,160.05298549999134,None,,,,,,,,,,,,,,,,,,,,,,,,,,,,,,,,,,,,,,,,,,,,,,GM-pilot,2021_Jul_08_0932,PVT,2020.2.5,60.128241510007896,
2,0,2,0,,,,,,,,,,,160.55336569999054,163.45306179999898,163.43640419999429,None,space,3.1192736999946646,160.55336569999054,None,None,None,163.7033165999892,None,,,,,,,,,,,,,,,,,,,,,,,,,,,,,,,,,,,,,,,,,,,,,,GM-pilot,2021_Jul_08_0932,PVT,2020.2.5,60.128241510007896,
3,0,3,0,,,,,,,,,,,164.2034583999921,167.10316189999867,167.0864176000032,None,space,3.1327995999890845,164.2034583999921,None,None,None,167.35369899999932,None,,,,,,,,,,,,,,,,,,,,,,,,,,,,,,,,,,,,,,,,,,,,,,GM-pilot,2021_Jul_08_0932,PVT,2020.2.5,60.128241510007896,
4,0,4,0,,,,,,,,,,,167.853154299999,170.75322729999607,170.73648229999526,None,space,3.155260300001828,167.853154299999,None,None,None,171.03683489999094,None,,,,,,,,,,,,,,,,,,,,,,,,,,,,,,,,,,,,,,,,,,,,,,GM-pilot,2021_Jul_08_0932,PVT,2020.2.5,60.128241510007896,
,,,,,,,,,,,,,,,,,,,,,,,,,,171.5367758999928,None,z,41.72766049999336,171.5367758999928,None,,,,,,,,,,,,,,,,,,,,,,,,,,,,,,,,,,,,,,,,GM-pilot,2021_Jul_08_0932,PVT,2020.2.5,60.128241510007896,
,,,,,,,,,,,,,,,,,,,,,,,,,,,,,,,,213.28696800000034,None,space,17.465383100003237,213.28696800000034,None,,,,,,,,,,,,,,,,,,,,,,,,,,,,,,,,,,GM-pilot,2021_Jul_08_0932,PVT,2020.2.5,60.128241510007896,
,,,,0,0,0,0,,,,,,,,,,,,,,,,,,,,,,,,,,,,,,,0.012395539990393445,0.5078932399919722,230.77064190000237,None,231.30341670000053,233.30332690000068,None,231.38693379999313,None,0.007510039984481409,0.08183853999071289,233.4033916999906,None,space,0.27620000000752043,233.42014469999413,None,0.006739839998772368,0.030272340009105392,0.003907839985913597,0.1412098399887327,233.736671199993,None,None,None,None,None,None,None,233.91995679998945,None,,,GM-pilot,2021_Jul_08_0932,PVT,2020.2.5,60.128241510007896,
,,,,1,0,1,0,,,,,,,,,,,,,,,,,,,,,,,,,,,,,,,,,,,234.4204280999984,238.62018640000315,None,234.50346749999153,None,0.010129340007551946,0.06928444000368472,238.72006710000278,None,space,0.15937410001060925,238.73683969999547,None,0.007884239996201359,0.03238203999353573,0.0051397399947745726,0.14382263999141287,238.936713099989,None,None,None,None,None,None,None,239.11979959999735,None,,,GM-pilot,2021_Jul_08_0932,PVT,2020.2.5,60.128241510007896,
,,,,2,0,2,0,,,,,,,,,,,,,,,,,,,,,,,,,,,,,,,,,,,239.6204041000019,244.5202530999959,None,239.703571799997,None,0.010449640001752414,0.07091163999575656,244.62005409999983,None,space,0.1556840999983251,244.63686620000226,None,0.0077838400029577315,0.032149740000022575,0.005019939999328926,0.14357164000102784,244.83669329999248,None,None,None,None,None,None,None,245.02010949999385,None,,,GM-pilot,2021_Jul_08_0932,PVT,2020.2.5,60.128241510007896,
,,,,3,0,3,0,,,,,,,,,,,,,,,,,,,,,,,,,,,,,,,,,,,245.52050430000236,248.32022069999948,None,245.6036422999896,None,0.010382740016211756,0.07084954000310972,248.42007609999564,None,space,0.4034901999984868,248.43686000000162,None,0.007683839998207986,0.03194083999551367,0.0051729400001931936,0.14383924000139814,248.88667179999175,None,None,None,None,None,None,None,249.07004189999134,None,,,GM-pilot,2021_Jul_08_0932,PVT,2020.2.5,60.128241510007896,
,,,,4,0,4,0,,,,,,,,,,,,,,,,,,,,,,,,,,,,,,,,,,,249.57044029999815,252.57049639998877,None,249.6536793999985,None,0.010387640009867027,0.0708849399961764,252.67054349998944,None,space,0.2574041999905603,252.68692569999257,None,0.007960239992826246,0.033004040000378154,0.004909440016490407,0.14324094001494814,252.9867527000024,None,None,None,None,None,None,None,253.1701075000019,None,,,GM-pilot,2021_Jul_08_0932,PVT,2020.2.5,60.128241510007896,
,,,,5,0,5,0,,,,,,,,,,,,,,,,,,,,,,,,,,,,,,,,,,,253.6706312000024,262.17021129999193,None,253.75358360000246,None,0.010403939988464117,0.07107893998909276,262.2701902999979,None,space,0.17739580001216382,262.2869651999936,None,0.0076996399875497445,0.03212203999282792,0.005077239984530024,0.14396793997730128,262.50354379999044,None,None,None,None,None,None,None,262.68670340000244,None,,,GM-pilot,2021_Jul_08_0932,PVT,2020.2.5,60.128241510007896,
,,,,6,0,6,0,,,,,,,,,,,,,,,,,,,,,,,,,,,,,,,,,,,263.1868880999973,272.98710869999195,None,263.27047639999364,None,0.010333040001569316,0.07078593999904115,273.0871124999976,None,space,0.23234899999806657,273.1039747999894,None,0.007774139987304807,0.032269039991660975,0.0050446399982320145,0.14322034000360873,273.37013399999705,None,None,None,None,None,None,None,273.5535760999919,None,,,GM-pilot,2021_Jul_08_0932,PVT,2020.2.5,60.128241510007896,
,,,,7,0,7,0,,,,,,,,,,,,,,,,,,,,,,,,,,,,,,,,,,,274.0541658000002,283.7537367999903,None,274.1369781999965,None,0.010433039991767146,0.07090303998847958,283.8538281999936,None,space,0.28174869999929797,283.8705806999933,None,0.007730240002274513,0.03220144000079017,0.0050920399953611195,0.14322903999709524,284.18713859999843,None,None,None,None,None,None,None,284.3703888000018,None,,,GM-pilot,2021_Jul_08_0932,PVT,2020.2.5,60.128241510007896,
,,,,8,0,8,0,,,,,,,,,,,,,,,,,,,,,,,,,,,,,,,,,,,284.87085639999714,291.5704696999892,None,284.95374789999914,None,0.010482039986527525,0.07099753999500535,291.6704205999995,None,space,0.2092964000039501,291.6871455999935,None,0.00779814000998158,0.032166140008484945,0.005051539992564358,0.14277423999737948,291.9369446999917,None,None,None,None,None,None,None,292.12064939999254,None,,,GM-pilot,2021_Jul_08_0932,PVT,2020.2.5,60.128241510007896,
,,,,9,0,9,0,,,,,,,,,,,,,,,,,,,,,,,,,,,,,,,,,,,292.62070349999703,300.92053170000145,None,292.7037968999939,None,0.010425139989820309,0.07083843999134842,301.0204950999905,None,space,0.13901990000158548,301.0371221999958,None,0.007846939988667145,0.03230893998988904,0.005064940007287078,0.1434341400017729,301.2203671000025,None,None,None,None,None,None,None,301.40375369999674,None,,,GM-pilot,2021_Jul_08_0932,PVT,2020.2.5,60.128241510007896,
,,,,10,0,10,0,,,,,,,,,,,,,,,,,,,,,,,,,,,,,,,,,,,301.904191900001,306.00394169999345,None,301.9871348000015,None,0.010466640000231564,0.07099903999187518,306.10401919999276,None,space,0.2398925000015879,306.120514299997,None,0.007783539986121468,0.032317039993358776,0.005069940001703799,0.1436706399981631,306.4037098999979,None,None,None,None,None,None,None,306.5870106999937,None,,,GM-pilot,2021_Jul_08_0932,PVT,2020.2.5,60.128241510007896,
,,,,11,0,11,0,,,,,,,,,,,,,,,,,,,,,,,,,,,,,,,,,,,307.0875415999908,315.48753639998904,None,307.17061109999486,None,0.010413640018668957,0.07106034002208617,315.58723550000286,None,space,0.14835639999364503,315.60391789999267,None,0.007731240009889007,0.032260040010442026,0.005114540006616153,0.1435847399989143,315.7871413999965,None,None,None,None,None,None,None,315.9704516999918,None,,,GM-pilot,2021_Jul_08_0932,PVT,2020.2.5,60.128241510007896,
,,,,12,0,12,0,,,,,,,,,,,,,,,,,,,,,,,,,,,,,,,,,,,316.47079569999187,324.67071849999775,None,316.5539751000033,None,0.010427140005049296,0.07104474000516348,324.77081249999173,None,space,0.22893200001271907,324.78729459999886,None,0.007896440001786686,0.032663039994076826,0.0051212399994255975,0.14368163999461103,325.0537706000032,None,None,None,None,None,None,None,325.23728509999637,None,,,GM-pilot,2021_Jul_08_0932,PVT,2020.2.5,60.128241510007896,
,,,,13,0,13,0,,,,,,,,,,,,,,,,,,,,,,,,,,,,,,,,,,,325.7376981999987,330.43732869999076,None,325.82074219999777,None,0.010531640000408515,0.07087644000421278,330.53724269999657,None,space,0.19823280000127852,330.5540903999936,None,0.007836439981474541,0.0322221399837872,0.005021540011512116,0.14306014000612777,330.78719000000274,None,None,None,None,None,None,None,330.97063809999963,None,,,GM-pilot,2021_Jul_08_0932,PVT,2020.2.5,60.128241510007896,
,,,,14,0,14,0,,,,,,,,,,,,,,,,,,,,,,,,,,,,,,,,,,,331.4709775999945,336.6707055000006,None,331.5541272999981,None,0.010397439997177571,0.07108514000719879,336.770675199994,None,space,0.18870449998939876,336.78748050000286,None,0.007725340008619241,0.03217043999757152,0.005305840008077212,0.14387484001053963,337.0208635000017,None,None,None,None,None,None,None,337.20390999999654,None,,,GM-pilot,2021_Jul_08_0932,PVT,2020.2.5,60.128241510007896,
,,,,15,0,15,0,,,,,,,,,,,,,,,,,,,,,,,,,,,,,,,,,,,337.7044683999993,343.9042848999961,None,337.78728469999623,None,0.01041243999497965,0.07099793999805115,344.00453520000156,None,space,0.17973689999780618,344.0207903999981,None,0.007772640004986897,0.03278753999620676,0.0051590400107670575,0.1434895400016103,344.2372258999967,None,None,None,None,None,None,None,344.4207408999937,None,,,GM-pilot,2021_Jul_08_0932,PVT,2020.2.5,60.128241510007896,
,,,,16,0,16,0,,,,,,,,,,,,,,,,,,,,,,,,,,,,,,,,,,,344.9212103000027,351.4211772999988,None,345.00418959998933,None,0.010384940018411726,0.07100064001861028,351.5209516000032,None,space,0.22250519999943208,351.53786579999723,None,0.007678240013774484,0.03198194000287913,0.004842939990339801,0.14314373998786323,351.8040656999947,None,None,None,None,None,None,None,351.98753659999056,None,,,GM-pilot,2021_Jul_08_0932,PVT,2020.2.5,60.128241510007896,
,,,,17,0,17,0,,,,,,,,,,,,,,,,,,,,,,,,,,,,,,,,,,,352.4877378999954,357.687442800001,None,352.5708818999992,None,0.01046583999413997,0.07110344000102486,357.7875636999961,None,space,0.22012579999864101,357.80415809999977,None,0.007712339996942319,0.032235139995464124,0.00517863999994006,0.14392934000352398,358.0708486999938,None,None,None,None,None,None,None,358.2540316999948,None,,,GM-pilot,2021_Jul_08_0932,PVT,2020.2.5,60.128241510007896,
,,,,18,0,18,0,,,,,,,,,,,,,,,,,,,,,,,,,,,,,,,,,,,358.7543366000027,367.1543104000011,None,358.8374494000018,None,0.010066239992738701,0.07039693999104202,367.25444069999503,None,space,0.19331520001287572,367.2711974999984,None,0.007648840008187108,0.03210424000280909,0.004993539987481199,0.14345633999619167,367.50443030000315,None,None,None,None,None,None,None,367.687471799989,None,,,GM-pilot,2021_Jul_08_0932,PVT,2020.2.5,60.128241510007896,
,,,,19,0,19,0,,,,,,,,,,,,,,,,,,,,,,,,,,,,,,,,,,,368.18815259999246,376.58777389999887,None,368.2710146000027,None,0.010401039995485917,0.07068693998735398,376.6875822000002,None,space,0.15272250000271015,376.7043185999937,None,0.007585340004879981,0.03184644000430126,0.005071039995527826,0.14367344000493176,376.90436580000096,None,None,None,None,None,None,None,377.08747779999976,None,,,GM-pilot,2021_Jul_08_0932,PVT,2020.2.5,60.128241510007896,
,,,,20,0,20,0,,,,,,,,,,,,,,,,,,,,,,,,,,,,,,,,,,,377.58781640000234,384.4880789000017,None,377.6710081999918,None,0.010455140014528297,0.07117284000560176,384.5876372999919,None,space,0.1882523999956902,384.6043243000022,None,0.0076774399931309745,0.03222644000197761,0.005055839996202849,0.14363863998732995,384.8376351999905,None,None,None,None,None,None,None,385.0209393999976,None,,,GM-pilot,2021_Jul_08_0932,PVT,2020.2.5,60.128241510007896,
,,,,21,0,21,0,,,,,,,,,,,,,,,,,,,,,,,,,,,,,,,,,,,385.521310600001,390.12099299998954,None,385.6043697999994,None,0.010455139985424466,0.07111293998605106,390.2211263999925,None,space,0.16273009999713395,390.2378772999946,None,0.007666739998967387,0.032217240004683845,0.005120739995618351,0.1435202400025446,390.43790789999184,None,None,None,None,None,None,None,390.62108149999403,None,,,GM-pilot,2021_Jul_08_0932,PVT,2020.2.5,60.128241510007896,
,,,,22,0,22,0,,,,,,,,,,,,,,,,,,,,,,,,,,,,,,,,,,,391.1215632999956,398.1212184000033,None,391.20433959999355,None,0.010177339994697832,0.07049513999663759,398.2211230999965,None,space,0.23473569999623578,398.2377964999905,None,0.007892639987403527,0.032532739991438575,0.005127240001456812,0.14372644000104629,398.5044440999918,None,None,None,None,None,None,None,398.68779429999995,None,,,GM-pilot,2021_Jul_08_0932,PVT,2020.2.5,60.128241510007896,
,,,,23,0,23,0,,,,,,,,,,,,,,,,,,,,,,,,,,,,,,,,,,,399.18802739999956,405.9877781999967,None,399.2712634999916,None,0.010427540008095093,0.07098554000549484,406.0877943999949,None,space,0.11993590000201948,406.10449319999316,None,0.00773584000125993,0.03221183999266941,0.005062440002802759,0.14373814000282437,406.2710357999895,None,None,None,None,None,None,None,406.45428989999346,None,,,GM-pilot,2021_Jul_08_0932,PVT,2020.2.5,60.128241510007896,
,,,,24,0,24,0,,,,,,,,,,,,,,,,,,,,,,,,,,,,,,,,,,,406.954777299994,415.5545951999957,None,407.037731599994,None,0.010529140010476112,0.07109844000660814,415.6549932999915,None,space,0.15368350000062492,415.6711221000005,None,0.007715539992204867,0.03276113999891095,0.0039878400129964575,0.14147504001448397,415.87124649999896,None,None,None,None,None,None,None,416.05467769999814,None,,,GM-pilot,2021_Jul_08_0932,PVT,2020.2.5,60.128241510007896,
,,,,25,0,25,0,,,,,,,,,,,,,,,,,,,,,,,,,,,,,,,,,,,416.5549680999975,425.2546527999948,None,416.6376606999984,None,0.010498839998035692,0.07110963999002706,425.3547421999974,None,space,0.24500300000363495,425.37138969999796,None,0.00788544000533875,0.032563240005401894,0.005302740013576113,0.14369604000239633,425.654572200001,None,None,None,None,None,None,None,425.8380152999889,None,,,GM-pilot,2021_Jul_08_0932,PVT,2020.2.5,60.128241510007896,
,,,,26,0,26,0,,,,,,,,,,,,,,,,,,,,,,,,,,,,,,,,,,,426.3382114999986,430.23796169999696,None,426.4212981000019,None,0.010531839987379499,0.07099863998882938,430.33798209999804,None,space,0.29396640000049956,430.354586299989,None,0.007760740001685917,0.032292539995978586,0.005198539991397411,0.14428173999476712,430.6878597000032,None,None,None,None,None,None,None,430.8711603999982,None,,,GM-pilot,2021_Jul_08_0932,PVT,2020.2.5,60.128241510007896,
,,,,27,0,27,0,,,,,,,,,,,,,,,,,,,,,,,,,,,,,,,,,,,431.3717917000031,433.7712726999889,None,431.45472110000264,None,0.01043984001444187,0.07112854000297375,433.8713044000033,None,space,0.15302929999597836,433.8879319999978,None,0.007632239983649924,0.032104739992064424,0.004731439985334873,0.14263493998441845,434.0881539999973,None,None,None,None,None,None,None,434.27135529999214,None,,,GM-pilot,2021_Jul_08_0932,PVT,2020.2.5,60.128241510007896,
,,,,28,0,28,0,,,,,,,,,,,,,,,,,,,,,,,,,,,,,,,,,,,434.7716061999963,437.7714171999978,None,434.85475929999666,None,0.010502440010895953,0.07101194000279065,437.8713540000026,None,space,0.16889000000082888,437.88798020000104,None,0.007876740011852235,0.032567640009801835,0.005056740017607808,0.14354694001667667,438.10465719999047,None,None,None,None,None,None,None,438.2879987999913,None,,,GM-pilot,2021_Jul_08_0932,PVT,2020.2.5,60.128241510007896,
,,,,29,0,29,0,,,,,,,,,,,,,,,,,,,,,,,,,,,,,,,,,,,438.7880298999953,444.78813469999295,None,438.8713684999966,None,0.01046434001182206,0.0710594400006812,444.8881698999903,None,space,0.16823809999914374,444.90449770000123,None,0.007806139998137951,0.03251023999473546,0.005279739998513833,0.14388043999497313,445.10484369999904,None,None,None,None,None,None,None,445.28803699999116,None,,,GM-pilot,2021_Jul_08_0932,PVT,2020.2.5,60.128241510007896,
,,,,30,0,30,0,,,,,,,,,,,,,,,,,,,,,,,,,,,,,,,,,,,445.7883628999989,448.68786549998913,None,445.87128039999516,None,0.010331240016967058,0.07055734000459779,448.78807080000115,None,space,0.19562880000739824,448.80476810000255,None,0.00774034000642132,0.032367640000302345,0.0049981400079559535,0.14344723999965936,449.0381051000004,None,None,None,None,None,None,None,449.22147340000083,None,,,GM-pilot,2021_Jul_08_0932,PVT,2020.2.5,60.128241510007896,
,,,,31,0,31,0,,,,,,,,,,,,,,,,,,,,,,,,,,,,,,,,,,,449.7216611999902,456.4215958999994,None,449.8051559000014,None,0.010330839999369346,0.07073194000986405,456.5215238999954,None,space,0.24652139999670908,456.53811690000293,None,0.007717539992881939,0.03226083998742979,0.005153439997229725,0.14371543999004643,456.82167999999365,None,None,None,None,None,None,None,457.0048512999929,None,,,GM-pilot,2021_Jul_08_0932,PVT,2020.2.5,60.128241510007896,
,,,,32,0,32,0,,,,,,,,,,,,,,,,,,,,,,,,,,,,,,,,,,,457.5053046999965,461.90491060000204,None,457.5882162999915,None,0.010381640007835813,0.07062224000401329,462.00493349999306,None,space,0.14712259999942034,462.0214486999903,None,0.007727839998551644,0.032469639991177246,0.005083639989607036,0.14372963999630883,462.2049274000019,None,None,None,None,None,None,None,462.3881465000013,None,,,GM-pilot,2021_Jul_08_0932,PVT,2020.2.5,60.128241510007896,
,,,,33,0,33,0,,,,,,,,,,,,,,,,,,,,,,,,,,,,,,,,,,,462.8883408999973,470.0882442000002,None,462.97157119998883,None,0.010209040017798543,0.07066704001044855,470.1882065999962,None,space,0.2117521000036504,470.2048347999953,None,0.007516540004871786,0.031753239993122406,0.004790039994986728,0.14274773999932222,470.4548866999976,None,None,None,None,None,None,None,470.63823799999955,None,,,GM-pilot,2021_Jul_08_0932,PVT,2020.2.5,60.128241510007896,
,,,,34,0,34,0,,,,,,,,,,,,,,,,,,,,,,,,,,,,,,,,,,,471.13862489999156,476.4383521999989,None,471.22168099999544,None,0.010501740005565807,0.07111674000043422,476.51890679998905,None,space,0.1577566000050865,476.5547668999934,None,0.007842840001103468,0.013085239988868125,0.00479054001334589,0.14301354001509026,476.7552924999909,None,None,None,None,None,None,None,476.93824229999154,None,,,GM-pilot,2021_Jul_08_0932,PVT,2020.2.5,60.128241510007896,
,,,,35,0,35,0,,,,,,,,,,,,,,,,,,,,,,,,,,,,,,,,,,,477.4385009999969,482.63823820000107,None,477.5216419999924,None,0.010392639989731833,0.07071193998854142,482.7382469000004,None,space,0.25359589999425225,482.75477919999685,None,0.007543740008259192,0.03183454000100028,0.0051323399966349825,0.14353813999332488,483.05509080000047,None,None,None,None,None,None,None,483.23855919999187,None,,,GM-pilot,2021_Jul_08_0932,PVT,2020.2.5,60.128241510007896,
,,,,36,0,36,0,,,,,,,,,,,,,,,,,,,,,,,,,,,,,,,,,,,483.7388045999978,490.23831139999675,None,483.8219809000002,None,0.010349540010793135,0.07026724000752438,490.3384153999941,None,space,0.1975464999995893,490.35487539999303,None,0.007926339996629395,0.03279613998893183,0.00505204001092352,0.14314224000554532,490.5882200999913,None,None,None,None,None,None,None,490.7718074000004,None,,,GM-pilot,2021_Jul_08_0932,PVT,2020.2.5,60.128241510007896,
,,,,37,0,37,0,,,,,,,,,,,,,,,,,,,,,,,,,,,,,,,,,,,491.27181700000074,494.37198199999693,None,491.3549747999932,None,0.01052193998475559,0.07101423999120016,494.47169409999333,None,space,0.2965085000032559,494.4881939999905,None,0.007702239992795512,0.03217373999359552,0.00500523998925928,0.14306543998827692,494.8217590999993,None,None,None,None,None,None,None,495.0054633999971,None,,,GM-pilot,2021_Jul_08_0932,PVT,2020.2.5,60.128241510007896,
,,,,38,0,38,0,,,,,,,,,,,,,,,,,,,,,,,,,,,,,,,,,,,495.5051547999901,504.5050709999923,None,495.5884165000025,None,0.010587539989501238,0.07099333999212831,504.5857760999934,None,space,0.17853930000273976,504.62181569999666,None,0.007854939991375431,0.013132239997503348,0.005013340007280931,0.14305024000350386,504.83861479999905,None,None,None,None,None,None,None,505.0217326999991,None,,,GM-pilot,2021_Jul_08_0932,PVT,2020.2.5,60.128241510007896,
,,,,39,0,39,0,,,,,,,,,,,,,,,,,,,,,,,,,,,,,,,,,,,505.52204129999154,513.2218021000008,None,505.605000999989,None,0.010463040001923218,0.07101134001277387,513.3218040999927,None,space,0.21430490000057034,513.3382805000001,None,0.007782340006087907,0.032219340006122366,0.005072939995443448,0.1433729400014272,513.588465599998,None,None,None,None,None,None,None,513.7717367000005,None,,,GM-pilot,2021_Jul_08_0932,PVT,2020.2.5,60.128241510007896,
,,,,40,0,40,0,,,,,,,,,,,,,,,,,,,,,,,,,,,,,,,,,,,514.2720842999988,522.5719523000007,None,514.3551205999975,None,0.010415139986434951,0.07105193998722825,522.6717189999908,None,space,0.672059900010936,522.6884772999911,None,0.007851239992305636,0.03215693999663927,0.005072939995443448,0.14350114000262693,523.4052290999971,None,None,None,None,None,None,None,523.5883010999969,None,,,GM-pilot,2021_Jul_08_0932,PVT,2020.2.5,60.128241510007896,
,,,,41,0,41,0,,,,,,,,,,,,,,,,,,,,,,,,,,,,,,,,,,,524.0887679000007,527.7886842000007,None,524.1718984999898,None,0.010440040015964769,0.0708591400180012,527.8885998999904,None,space,0.279416500008665,527.9051340000005,None,0.007605939987115562,0.03203043999383226,0.0049366400053258985,0.14308764001179952,528.2219231999916,None,None,None,None,None,None,None,528.4052566000028,None,,,GM-pilot,2021_Jul_08_0932,PVT,2020.2.5,60.128241510007896,
,,,,42,0,42,0,,,,,,,,,,,,,,,,,,,,,,,,,,,,,,,,,,,528.9058222000021,533.6052287999919,None,528.9885941999964,None,0.010016639993409626,0.07020993999321945,533.7053706000006,None,space,0.16658030000689905,533.7219431999983,None,0.007748839998384938,0.03224513999884948,0.004701839992776513,0.14290104000247084,533.9218453999929,None,None,None,None,None,None,None,534.1052815000003,None,,,GM-pilot,2021_Jul_08_0932,PVT,2020.2.5,60.128241510007896,
,,,,43,0,43,0,,,,,,,,,,,,,,,,,,,,,,,,,,,,,,,,,,,534.6055206000019,543.8053384999948,None,534.688685999994,None,0.010437739983899519,0.07111103998613544,543.9054101999936,None,space,0.1985841999994591,543.9219364000019,None,0.0076029400079278275,0.032018840007367544,0.0051028399902861565,0.14330213998619,544.155411899992,None,None,None,None,None,None,None,544.3386602999963,None,,,GM-pilot,2021_Jul_08_0932,PVT,2020.2.5,60.128241510007896,
,,,,44,0,44,0,,,,,,,,,,,,,,,,,,,,,,,,,,,,,,,,,,,544.8390761999908,549.0387503999955,None,544.9221199000021,None,0.010028539996710606,0.07056053999986034,549.1387879999966,None,space,0.18909520001034252,549.1553261999943,None,0.007722439986537211,0.032329039997421205,0.005047940008807927,0.14342284000304062,549.3888464999909,None,None,None,None,None,None,None,549.5719458999956,None,,,GM-pilot,2021_Jul_08_0932,PVT,2020.2.5,60.128241510007896,
,,,,45,0,45,0,,,,,,,,,,,,,,,,,,,,,,,,,,,,,,,,,,,550.0725388999999,558.6720844999945,None,550.1553875999962,None,0.010464339997270145,0.07099373999517411,558.7720749,None,space,0.17206139999325387,558.7886256999918,None,0.007727139993221499,0.032246939998003654,0.005077439986052923,0.14370473999588285,559.0054219000012,None,None,None,None,None,None,None,559.1886749999976,None,,,GM-pilot,2021_Jul_08_0932,PVT,2020.2.5,60.128241510007896,
,,,,46,0,46,0,,,,,,,,,,,,,,,,,,,,,,,,,,,,,,,,,,,559.6886145999888,563.2887993999902,None,559.772106599994,None,0.010392939992016181,0.07089103999896906,563.3887620000023,None,space,0.3231640000012703,563.4054032999993,None,0.007881240002461709,0.03265933999500703,0.005100139998830855,0.14360274000500795,563.7721199999942,None,None,None,None,None,None,None,563.9553182999953,None,,,GM-pilot,2021_Jul_08_0932,PVT,2020.2.5,60.128241510007896,
,,,,47,0,47,0,,,,,,,,,,,,,,,,,,,,,,,,,,,,,,,,,,,564.4558658000024,566.6555559999979,None,564.5388919999968,None,0.010368539995397441,0.07084723998559639,566.7553828999953,None,space,0.34052990000054706,566.7719992999919,None,0.007887240004492924,0.03239353999379091,0.005186039983527735,0.14362323998648208,567.155354100003,None,None,None,None,None,None,None,567.3388164999924,None,,,GM-pilot,2021_Jul_08_0932,PVT,2020.2.5,60.128241510007896,
,,,,48,0,48,0,,,,,,,,,,,,,,,,,,,,,,,,,,,,,,,,,,,567.8391930999933,575.4388551000011,None,567.9222320999979,None,0.010240239993436262,0.07073163999302778,575.5393080999929,None,space,0.1891228000022238,575.5554077999986,None,0.00766623999516014,0.032628140004817396,0.005162439993000589,0.1436995399853913,575.7889934999985,None,None,None,None,None,None,None,575.9722299999994,None,,,GM-pilot,2021_Jul_08_0932,PVT,2020.2.5,60.128241510007896,
,,,,49,0,49,0,,,,,,,,,,,,,,,,,,,,,,,,,,,,,,,,,,,576.4724501000019,581.4724544999917,None,576.5554590999964,None,0.01039373998355586,0.07108923998021055,581.5528463999945,None,space,0.195701899996493,581.588703699992,None,0.007872240006690845,0.013308840003446676,0.005028539992053993,0.14365363999968395,581.8222204999911,None,None,None,None,None,None,None,582.0055387999892,None,,,GM-pilot,2021_Jul_08_0932,PVT,2020.2.5,60.128241510007896,
,,,,50,0,50,0,,,,,,,,,,,,,,,,,,,,,,,,,,,,,,,,,,,582.505768499992,591.4054764999892,None,582.5888280999934,None,0.010514940018765628,0.07114244002150372,591.5056133999897,None,space,0.15040130000852514,591.5221795999969,None,0.00757733998761978,0.03198703998350538,0.005097539993585087,0.14359883998986334,591.7056192000018,None,None,None,None,None,None,None,591.8888922999904,None,,,GM-pilot,2021_Jul_08_0932,PVT,2020.2.5,60.128241510007896,
,,,,51,0,51,0,,,,,,,,,,,,,,,,,,,,,,,,,,,,,,,,,,,592.3894796999957,596.5887217999989,None,592.4723176999978,None,0.010339840009692125,0.07074933999683708,596.6889929000026,None,space,0.19109119998756796,596.705552799991,None,0.0077356399851851165,0.03242813998076599,0.005013140005758032,0.14356484000745695,596.9390217999899,None,None,None,None,None,None,None,597.1222863000003,None,,,GM-pilot,2021_Jul_08_0932,PVT,2020.2.5,60.128241510007896,
,,,,52,0,52,0,,,,,,,,,,,,,,,,,,,,,,,,,,,,,,,,,,,597.622610099992,603.6224737000011,None,597.7058042999997,None,0.010254440014250576,0.07071754001663066,603.7030301999912,None,space,0.17374489999201614,603.7388918999932,None,0.007793840006343089,0.013108739993185736,0.005019240008550696,0.14367994001077022,603.9557705999905,None,None,None,None,None,None,None,604.1389734999975,None,,,GM-pilot,2021_Jul_08_0932,PVT,2020.2.5,60.128241510007896,
,,,,53,0,53,0,,,,,,,,,,,,,,,,,,,,,,,,,,,,,,,,,,,604.6392876999889,608.7392969999928,None,604.7223788999981,None,0.010329339987947606,0.07079593998787459,608.83906079999,None,space,0.22499380000226665,608.8556183999899,None,0.007825439985026605,0.03239133999159094,0.005131839992827736,0.1435538399964571,609.1223366999911,None,None,None,None,None,None,None,609.3057848000026,None,,,GM-pilot,2021_Jul_08_0932,PVT,2020.2.5,60.128241510007896,
,,,,54,0,54,0,,,,,,,,,,,,,,,,,,,,,,,,,,,,,,,,,,,609.8060343999969,612.8058890999964,None,609.8890866000002,None,0.010432739989482798,0.07080983999185264,612.9057562999951,None,space,0.23043919999327045,612.9223027999979,None,0.007631339991348796,0.03209343999333214,0.005071540013886988,0.1437981400085846,613.1890244999959,None,None,None,None,None,None,None,613.3724404999957,None,,,GM-pilot,2021_Jul_08_0932,PVT,2020.2.5,60.128241510007896,
,,,,55,0,55,0,,,,,,,,,,,,,,,,,,,,,,,,,,,,,,,,,,,613.872829999993,618.1725492999976,None,613.955784699996,None,0.010368039991590194,0.07084533998568077,618.2725625000021,None,space,0.25586579999071546,618.2888235999999,None,0.007862939994083717,0.03258503999677487,0.005062639989773743,0.1436793399916496,618.5891321999952,None,None,None,None,None,None,None,618.7724698999955,None,,,GM-pilot,2021_Jul_08_0932,PVT,2020.2.5,60.128241510007896,
,,,,56,0,56,0,,,,,,,,,,,,,,,,,,,,,,,,,,,,,,,,,,,619.2725147000019,625.9730083999893,None,619.3559907000017,None,0.01031604001764208,0.07076024000707548,626.0724926999974,None,space,0.17564450000645593,626.0889988999988,None,0.007658439993974753,0.03228133999800775,0.005072640007711016,0.14354544000525493,626.3058415999985,None,None,None,None,None,None,None,626.4891142999986,None,,,GM-pilot,2021_Jul_08_0932,PVT,2020.2.5,60.128241510007896,
,,,,57,0,57,0,,,,,,,,,,,,,,,,,,,,,,,,,,,,,,,,,,,626.9893083999923,632.3893757999904,None,627.0725251999975,None,0.010387740010628477,0.0710289400012698,632.4890921999904,None,space,0.2229147999896668,632.5056978999928,None,0.007826539993402548,0.032249539988697506,0.005240140002570115,0.14400424000632484,632.7726441999985,None,None,None,None,None,None,None,632.95540359999,None,,,GM-pilot,2021_Jul_08_0932,PVT,2020.2.5,60.128241510007896,
,,,,58,0,58,0,,,,,,,,,,,,,,,,,,,,,,,,,,,,,,,,,,,633.456171400001,640.6556587999949,None,633.5391470000031,None,0.010288339995895512,0.07071813999209553,640.7559159999946,None,space,0.25300670000433456,640.7718330999924,None,0.00669583999842871,0.029512039996916428,0.005548140004975721,0.14342413999838755,641.0556316000002,None,None,None,None,None,None,None,641.2394668999914,None,,,GM-pilot,2021_Jul_08_0932,PVT,2020.2.5,60.128241510007896,
,,,,59,0,59,0,,,,,,,,,,,,,,,,,,,,,,,,,,,,,,,,,,,641.7400554999913,649.6394698999939,None,641.8229063999897,None,0.01043173999642022,0.07005583999853116,649.739413599993,None,space,0.22074889999930747,649.755816799996,None,0.007752639998216182,0.03250214000581764,0.0052512399997795,0.14397753999219276,650.0229495999956,None,None,None,None,None,None,None,650.2059659999941,None,,,GM-pilot,2021_Jul_08_0932,PVT,2020.2.5,60.128241510007896,
,,,,60,0,60,0,,,,,,,,,,,,,,,,,,,,,,,,,,,,,,,,,,,650.7062636999908,655.2060532999894,None,650.7892852999939,None,0.010479439995833673,0.07117224000103306,655.3059838999907,None,space,0.24596200000087265,655.3225459999958,None,0.0077693400089628994,0.03226954001002014,0.005050039995694533,0.14351193999755196,655.6059431000031,None,None,None,None,None,None,None,655.7893367999932,None,,,GM-pilot,2021_Jul_08_0932,PVT,2020.2.5,60.128241510007896,
,,,,61,0,61,0,,,,,,,,,,,,,,,,,,,,,,,,,,,,,,,,,,,656.289566899999,663.9895404999988,None,656.3727835000027,None,0.010324040020350367,0.07089094001275953,664.0894782999967,None,space,0.1664427999930922,664.1059393999894,None,0.007496739999623969,0.03184784000040963,0.005123440001625568,0.14343204000033438,664.3060981000017,None,None,None,None,None,None,None,664.489585000003,None,,,GM-pilot,2021_Jul_08_0932,PVT,2020.2.5,60.128241510007896,
,,,,62,0,62,0,,,,,,,,,,,,,,,,,,,,,,,,,,,,,,,,,,,664.9896535000007,673.4894752999971,None,665.0727752999956,None,0.010499539988813922,0.071151939991978,673.589410799992,None,space,0.23475909999979194,673.6059608999931,None,0.007708439996349625,0.03207833999476861,0.005158840009244159,0.1437023400067119,673.8728489999921,None,None,None,None,None,None,None,674.056182100001,None,,,GM-pilot,2021_Jul_08_0932,PVT,2020.2.5,60.128241510007896,
,,,,63,0,63,0,,,,,,,,,,,,,,,,,,,,,,,,,,,,,,,,,,,674.5564089999971,684.256426699998,None,674.6396748999978,None,0.010417439989396371,0.07101643999340013,684.3561049999989,None,space,0.20385730000270996,684.3727581999992,None,0.007798139995429665,0.03237164000165649,0.0051261400076327845,0.14374434000637848,684.6227672999958,None,None,None,None,None,None,None,684.8061827999918,None,,,GM-pilot,2021_Jul_08_0932,PVT,2020.2.5,60.128241510007896,
,,,,64,0,64,0,,,,,,,,,,,,,,,,,,,,,,,,,,,,,,,,,,,685.3065288999933,687.4064138999966,None,685.3894561999914,None,0.010377539991168305,0.07089823999558575,687.5062919999909,None,space,0.30997499999648426,687.5228012000007,None,0.007604640006320551,0.032052540002041496,0.005047239988925867,0.14363673998741433,687.872850300002,None,None,None,None,None,None,None,688.0561256999936,None,,,GM-pilot,2021_Jul_08_0932,PVT,2020.2.5,60.128241510007896,
,,,,65,0,65,0,,,,,,,,,,,,,,,,,,,,,,,,,,,,,,,,,,,688.5566403999983,696.5563052999933,None,688.6395248999906,None,0.01050503998703789,0.0712201399874175,696.6563423999905,None,space,0.27993330000026617,696.6728528999956,None,0.00775663998501841,0.032330639980500564,0.005150640005012974,0.1439994399988791,696.9896546999953,None,None,None,None,None,None,None,697.1728482999897,None,,,GM-pilot,2021_Jul_08_0932,PVT,2020.2.5,60.128241510007896,
,,,,66,0,66,0,,,,,,,,,,,,,,,,,,,,,,,,,,,,,,,,,,,697.673212099995,700.8724378999905,None,697.7563725999935,None,0.010428340014186688,0.07101414000499062,700.97280399999,None,space,0.37136149998696055,700.9890174000029,None,0.006786540005123243,0.030305439999210648,0.005305739992763847,0.1439803399844095,701.4056634000008,None,None,None,None,None,None,None,701.5889061999915,None,,,GM-pilot,2021_Jul_08_0932,PVT,2020.2.5,60.128241510007896,
,,,,67,0,67,0,,,,,,,,,,,,,,,,,,,,,,,,,,,,,,,,,,,702.0896093999909,709.2896892999997,None,702.1723748999939,None,0.010205939994193614,0.07032873999560252,709.3897400999995,None,space,0.16240050000487827,709.4061641000008,None,0.007608139989315532,0.032094839989440516,0.0050665399903664365,0.1434018399886554,709.6063810999913,None,None,None,None,None,None,None,709.7897170999931,None,,,GM-pilot,2021_Jul_08_0932,PVT,2020.2.5,60.128241510007896,
,,,,68,0,68,0,,,,,,,,,,,,,,,,,,,,,,,,,,,,,,,,,,,710.2901082000026,719.4897135999927,None,710.3730207999906,None,0.010179439996136352,0.07066793998819776,719.5702945999947,None,space,0.2501876999886008,719.6063264999975,None,0.007768339986796491,0.012797939998563379,0.005141739995451644,0.14374113999656402,719.889897599991,None,None,None,None,None,None,None,720.0730699999986,None,,,GM-pilot,2021_Jul_08_0932,PVT,2020.2.5,60.128241510007896,
,,,,69,0,69,0,,,,,,,,,,,,,,,,,,,,,,,,,,,,,,,,,,,720.5734871000022,727.4732208999922,None,720.6565810000029,None,0.01034933999471832,0.07067384000401944,727.5731399999931,None,space,0.29911610000999644,727.5896156999952,None,0.007724740004050545,0.03233734000241384,0.00513874001626391,0.14310814000782557,727.9232907999976,None,None,None,None,None,None,None,728.1063397999969,None,,,GM-pilot,2021_Jul_08_0932,PVT,2020.2.5,60.128241510007896,
,,,,70,0,70,0,,,,,,,,,,,,,,,,,,,,,,,,,,,,,,,,,,,728.6066872999945,736.5064151999977,None,728.6896752999892,None,0.010269239995977841,0.0703225399920484,736.6064336999989,None,space,0.21782900000107475,736.6231470999919,None,0.007741439985693432,0.03228733998548705,0.005013939997297712,0.14330814000277314,736.8732356999972,None,None,None,None,None,None,None,737.056622899996,None,,,GM-pilot,2021_Jul_08_0932,PVT,2020.2.5,60.128241510007896,
,,,,71,0,71,0,,,,,,,,,,,,,,,,,,,,,,,,,,,,,,,,,,,737.5570586999966,746.0567611000006,None,737.6397771999909,None,0.010161740006878972,0.07030754000879824,746.156514199989,None,space,0.2196916999964742,746.1731040000013,None,0.007712039994657971,0.03216653999697883,0.005123539987835102,0.14376803999766707,746.4398690999951,None,None,None,None,None,None,None,746.623563000001,None,,,GM-pilot,2021_Jul_08_0932,PVT,2020.2.5,60.128241510007896,
,,,,72,0,72,0,,,,,,,,,,,,,,,,,,,,,,,,,,,,,,,,,,,747.123471999992,753.1235626999987,None,747.2065081999899,None,0.010375639991252683,0.070905339991441,753.2234485999943,None,space,0.20888150000246242,753.2398956999969,None,0.007743040012428537,0.03252434001478832,0.0050911399885080755,0.14372003999596927,753.4901076999959,None,None,None,None,None,None,None,753.6732523999963,None,,,GM-pilot,2021_Jul_08_0932,PVT,2020.2.5,60.128241510007896,
,,,,73,0,73,0,,,,,,,,,,,,,,,,,,,,,,,,,,,,,,,,,,,754.1736286999949,757.6733616999991,None,754.2566379999917,None,0.010581240014289506,0.07115814001008403,757.7733161999931,None,space,0.20313689998874906,757.7898846000026,None,0.007861239995690994,0.03234894000343047,0.0051283399952808395,0.1433655399887357,758.0399540999933,None,None,None,None,None,None,None,758.2232491999894,None,,,GM-pilot,2021_Jul_08_0932,PVT,2020.2.5,60.128241510007896,
,,,,74,0,74,0,,,,,,,,,,,,,,,,,,,,,,,,,,,,,,,,,,,758.723708999998,767.1233347999951,None,758.8068379999895,None,0.010195240014581941,0.07045874001050834,767.2234016000002,None,space,0.21650680000311695,767.2399046999926,None,0.0077004400081932545,0.03218684000603389,0.004956539996783249,0.14327834000869188,767.4900303999893,None,None,None,None,None,None,None,767.6733420999954,None,,,GM-pilot,2021_Jul_08_0932,PVT,2020.2.5,60.128241510007896,
,,,,75,0,75,0,,,,,,,,,,,,,,,,,,,,,,,,,,,,,,,,,,,768.1735918999912,777.3734142999892,None,768.2568926999957,None,0.010390039984486066,0.07090673998754937,777.473364999998,None,space,0.1826777999958722,777.4899956000008,None,0.007710239995503798,0.03223294000781607,0.005137639993336052,0.14310013999056537,777.7066489999997,None,None,None,None,None,None,None,777.8901496999897,None,,,GM-pilot,2021_Jul_08_0932,PVT,2020.2.5,60.128241510007896,
,,,,76,0,76,0,,,,,,,,,,,,,,,,,,,,,,,,,,,,,,,,,,,778.3902801999939,780.7902224999998,None,778.4735704999912,None,0.010489139982382767,0.07104543998138979,780.8900734999916,None,space,0.2780996000074083,780.9066125999962,None,0.007993740000529215,0.03265613999974448,0.004983939987141639,0.14338543999474496,781.2234230999893,None,None,None,None,None,None,None,781.4068027999892,None,,,GM-pilot,2021_Jul_08_0932,PVT,2020.2.5,60.128241510007896,
,,,,77,0,77,0,,,,,,,,,,,,,,,,,,,,,,,,,,,,,,,,,,,781.9070416000031,785.8068300000014,None,781.990048599997,None,0.010345540009438992,0.07084834000852425,785.9067865999968,None,space,0.16531599999871105,785.9232573999907,None,0.007754739985102788,0.032270139985485,0.005446940005640499,0.14404674000979867,786.123434299996,None,None,None,None,None,None,None,786.3068213999941,None,,,GM-pilot,2021_Jul_08_0932,PVT,2020.2.5,60.128241510007896,
,,,,78,0,78,0,,,,,,,,,,,,,,,,,,,,,,,,,,,,,,,,,,,786.8070894999983,789.8067450999952,None,786.890255899998,None,0.010431239992612973,0.07081463998474646,789.9068254000013,None,space,0.20537929999409243,789.9233477999951,None,0.00781873999221716,0.03251973999431357,0.005192640004679561,0.1437499400053639,790.1735636999947,None,None,None,None,None,None,None,790.3568631999951,None,,,GM-pilot,2021_Jul_08_0932,PVT,2020.2.5,60.128241510007896,
,,,,79,0,79,0,,,,,,,,,,,,,,,,,,,,,,,,,,,,,,,,,,,790.8542601999943,798.156877100002,None,790.9568244999973,None,0.010158539997064508,0.08569883999007288,798.2734957999928,None,space,0.26251860000775196,798.2900405999972,None,0.0076395400101318955,0.03202014000271447,0.004993239985196851,0.14313263999065384,798.5902751999965,None,None,None,None,None,None,None,798.7735064000008,None,,,GM-pilot,2021_Jul_08_0932,PVT,2020.2.5,60.128241510007896,
,,,,80,0,80,0,,,,,,,,,,,,,,,,,,,,,,,,,,,,,,,,,,,799.2735825999989,803.2736787000031,None,799.3571058999951,None,0.010488739993888885,0.0712141399999382,803.373666200001,None,space,0.2188736000098288,803.3900640999927,None,0.0077900399919599295,0.03235893999226391,0.005277539981761947,0.14388743999006692,803.640516799991,None,None,None,None,None,None,None,803.8237367999973,None,,,GM-pilot,2021_Jul_08_0932,PVT,2020.2.5,60.128241510007896,
,,,,81,0,81,0,,,,,,,,,,,,,,,,,,,,,,,,,,,,,,,,,,,804.324025599999,807.7237013999984,None,804.4067797000025,None,0.010328440010198392,0.07085994000954088,807.8239330999932,None,space,0.2806696000043303,807.8401884999912,None,0.007649039995158091,0.03242743998998776,0.005142840003827587,0.14368344000831712,808.1569326999888,None,None,None,None,None,None,None,808.3402350999968,None,,,GM-pilot,2021_Jul_08_0932,PVT,2020.2.5,60.128241510007896,
,,,,82,0,82,0,,,,,,,,,,,,,,,,,,,,,,,,,,,,,,,,,,,808.840693399994,814.2405635000032,None,808.9236020999961,None,0.010507439990760759,0.07098314000177197,814.3402587000019,None,space,0.2599986999994144,814.3568508000026,None,0.007756639999570325,0.03241214000445325,0.004992740010493435,0.1434821400034707,814.657091999994,None,None,None,None,None,None,None,814.8402663000015,None,,,GM-pilot,2021_Jul_08_0932,PVT,2020.2.5,60.128241510007896,
,,,,83,0,83,0,,,,,,,,,,,,,,,,,,,,,,,,,,,,,,,,,,,815.3406689999974,820.6404189000023,None,815.4237982999912,None,0.0105938399938168,0.0714566399983596,820.7405024999898,None,space,0.6997955000115326,820.7569043999974,None,0.007679439993808046,0.03229723998811096,0.005257539989543147,0.1436288400000194,821.490330399989,None,None,None,None,None,None,None,821.673563999997,None,,,GM-pilot,2021_Jul_08_0932,PVT,2020.2.5,60.128241510007896,
,,,,84,0,84,0,,,,,,,,,,,,,,,,,,,,,,,,,,,,,,,,,,,822.174002300002,829.6738545999979,None,822.2570121000026,None,0.010442839993629605,0.07093693999922834,829.7737402999919,None,space,0.20311869999568444,829.7902210000029,None,0.007752739998977631,0.03234804001112934,0.005104640003992245,0.14363963999494445,830.0404890999926,None,None,None,None,None,None,None,830.2237715999945,None,,,GM-pilot,2021_Jul_08_0932,PVT,2020.2.5,60.128241510007896,
,,,,85,0,85,0,,,,,,,,,,,,,,,,,,,,,,,,,,,,,,,,,,,830.7241792999994,838.1238441000023,None,830.8071169999894,None,0.01045974000589922,0.0707652400014922,838.2045605000021,None,space,0.17646719999902416,838.2403590999893,None,0.007760039996355772,0.013120839998009615,0.005061339994426817,0.14366293999773916,838.4572611999902,None,None,None,None,None,None,None,838.6406601999915,None,,,GM-pilot,2021_Jul_08_0932,PVT,2020.2.5,60.128241510007896,
,,,,,,,,,,,,,,,,,,,,,,,,,,,,,,,,,,,,,,,,,,,,,,,,,,,,,,,,,,,,,,,,,,,,,839.1409143999917,None,,,,,,
