﻿practice.thisRepN,practice.thisTrialN,practice.thisN,practice.thisIndex,trials.thisRepN,trials.thisTrialN,trials.thisN,trials.thisIndex,text_2.started,text_2.stopped,key_resp.keys,key_resp.rt,key_resp.started,key_resp.stopped,text_3.started,text_3.stopped,key_resp_2.keys,key_resp_2.rt,key_resp_2.started,key_resp_2.stopped,Fixation_Jitter.started,Fixation_Jitter.stopped,Response.keys,Response.started,Response.stopped,trialStartPort.started,trialStartPort.stopped,image_3.started,image_3.stopped,key_resp_3.keys,key_resp_3.rt,key_resp_3.started,key_resp_3.stopped,targetPort.started,targetPort.stopped,correctRespPort.started,correctRespPort.stopped,fixationPort3.started,fixationPort3.stopped,Feedback_screen.started,Feedback_screen.stopped,incorrectRespPort1.started,incorrectRespPort1.stopped,incorrectRespPort2.started,incorrectRespPort2.stopped,Fixation_ITI.started,Fixation_ITI.stopped,participant,session,date,expName,psychopyVersion,frameRate,
,,,,,,,,9.388756799977273,None,space,0.528950999956578,9.388756799977273,None,,,,,,,,,,,,,,,,,,,,,,,,,,,,,,,,,,HMS,001,2021_May_27_1032,PVT,2020.2.5,60.15070160893792,
,,,,,,,,,,,,,,9.938936199992895,None,space,0.7472119000740349,9.938936199992895,None,,,,,,,,,,,,,,,,,,,,,,,,,,,,HMS,001,2021_May_27_1032,PVT,2020.2.5,60.15070160893792,
,,,,0,0,0,0,,,,,,,,,,,,,10.722339699976146,None,None,10.722339699976146,None,0.005733090220019221,0.029268790036439896,14.939179300097749,None,space,0.46599960001185536,14.95596450008452,None,0.006494089961051941,0.04843688989058137,0.004107989836484194,None,15.455676299985498,None,None,None,None,None,None,None,15.52383440011181,None,HMS,001,2021_May_27_1032,PVT,2020.2.5,60.15070160893792,
,,,,1,0,1,0,,,,,,,,,,,,,16.039405199931934,None,None,16.039405199931934,None,0.010196090210229158,0.022465490270406008,18.655818300088868,None,space,0.35748020000755787,18.672450999962166,None,0.0078124902211129665,0.05064679030328989,0.004985690116882324,None,19.072432399960235,None,None,None,None,None,None,None,19.13931869994849,None,HMS,001,2021_May_27_1032,PVT,2020.2.5,60.15070160893792,
,,,,2,0,2,0,,,,,,,,,,,,,19.639575799927115,None,None,19.639575799927115,None,0.00993898999877274,0.021990190027281642,28.156027700053528,None,space,0.42520900000818074,28.172978800022975,None,0.00789439002983272,0.05182829010300338,0.005100890062749386,None,28.639239999931306,None,None,None,None,None,None,None,28.706123899901286,None,HMS,001,2021_May_27_1032,PVT,2020.2.5,60.15070160893792,
