﻿practice.thisRepN,practice.thisTrialN,practice.thisN,practice.thisIndex,trials.thisRepN,trials.thisTrialN,trials.thisN,trials.thisIndex,text_2.started,text_2.stopped,key_resp.keys,key_resp.rt,key_resp.started,key_resp.stopped,text_3.started,text_3.stopped,key_resp_2.keys,key_resp_2.rt,key_resp_2.started,key_resp_2.stopped,Fixation_Jitter.started,Fixation_Jitter.stopped,Response.keys,Response.started,Response.stopped,trialStartPort.started,trialStartPort.stopped,image_3.started,image_3.stopped,key_resp_3.keys,key_resp_3.rt,key_resp_3.started,key_resp_3.stopped,targetPort.started,targetPort.stopped,correctRespPort.started,correctRespPort.stopped,fixationPort3.started,fixationPort3.stopped,Feedback_screen.started,Feedback_screen.stopped,incorrectRespPort1.started,incorrectRespPort1.stopped,incorrectRespPort2.started,incorrectRespPort2.stopped,Fixation_ITI.started,Fixation_ITI.stopped,participant,session,date,expName,psychopyVersion,frameRate,
,,,,,,,,8.57329190010205,None,space,1.5863481999840587,8.57329190010205,None,,,,,,,,,,,,,,,,,,,,,,,,,,,,,,,,,,hms,001,2021_May_27_1042,PVT,2020.2.5,59.86923361391759,
,,,,,,,,,,,,,,10.176844700006768,None,space,4.951395199866965,10.176844700006768,None,,,,,,,,,,,,,,,,,,,,,,,,,,,,hms,001,2021_May_27_1042,PVT,2020.2.5,59.86923361391759,
,,,,0,0,0,0,,,,,,,,,,,,,15.159962000092492,None,None,15.159962000092492,None,0.005791950039565563,0.030097750015556812,19.677075300132856,None,space,1.2827559001743793,19.693235400132835,None,0.006547749973833561,0.04840785008855164,0.004323550034314394,None,21.01009800005704,None,None,None,None,None,None,None,21.077868800144643,None,hms,001,2021_May_27_1042,PVT,2020.2.5,59.86923361391759,
,,,,1,0,1,0,,,,,,,,,,,,,21.576904100133106,None,None,21.576904100133106,None,0.010186649858951569,0.022703849943354726,29.793639000039548,None,space,0.333978199865669,29.80980240018107,None,0.007823149906471372,0.0499720498919487,0.004897150211036205,None,30.17707880004309,None,None,None,None,None,None,None,30.24350990005769,None,hms,001,2021_May_27_1042,PVT,2020.2.5,59.86923361391759,
,,,,2,0,2,0,,,,,,,,,,,,,30.743358500069007,None,None,30.743358500069007,None,0.010597750078886747,0.023193350061774254,34.75986610003747,None,space,0.43887789989821613,34.776748000178486,None,0.007811749819666147,0.050830549793317914,0.004984650062397122,None,35.26047160010785,None,None,None,None,None,None,None,35.32719160011038,None,hms,001,2021_May_27_1042,PVT,2020.2.5,59.86923361391759,
,,,,3,0,3,0,,,,,,,,,,,,,35.82725640013814,None,None,35.82725640013814,None,0.01034964993596077,0.022153049940243363,39.843733800109476,None,space,0.3722012999933213,39.85984140005894,None,0.007466650102287531,0.0493987500667572,0.004945249762386084,None,40.27719540009275,None,None,None,None,None,None,None,40.34385700011626,None,hms,001,2021_May_27_1042,PVT,2020.2.5,59.86923361391759,
,,,,4,0,4,0,,,,,,,,,,,,,40.84363720007241,None,None,40.84363720007241,None,0.01026985002681613,0.022894350113347173,44.36056260019541,None,space,0.9430312998592854,44.3770140002016,None,0.007651050109416246,0.05107205011881888,0.005030650179833174,None,45.360193700063974,None,None,None,None,None,None,None,45.42663630004972,None,hms,001,2021_May_27_1042,PVT,2020.2.5,59.86923361391759,
,,,,5,0,5,0,,,,,,,,,,,,,45.92719120020047,None,None,45.92719120020047,None,0.010280050104483962,0.022897050017490983,51.94349130010232,None,space,0.8156129000708461,51.96044530021027,None,0.007516150129958987,0.05059775011613965,0.004843750037252903,None,52.81013820017688,None,None,None,None,None,None,None,52.87698090006597,None,hms,001,2021_May_27_1042,PVT,2020.2.5,59.86923361391759,
,,,,6,0,6,0,,,,,,,,,,,,,53.3772028000094,None,None,53.3772028000094,None,0.010457550175487995,0.023211350198835135,59.093543000053614,None,space,0.3221515000332147,59.10981270018965,None,0.007818750105798244,0.04934315010905266,0.004781849915161729,None,59.4768831001129,None,None,None,None,None,None,None,59.54452830017544,None,hms,001,2021_May_27_1042,PVT,2020.2.5,59.86923361391759,
