﻿practice.thisRepN,practice.thisTrialN,practice.thisN,practice.thisIndex,text_2.started,text_2.stopped,key_resp.keys,key_resp.rt,key_resp.started,key_resp.stopped,prac_fixation_jitter.started,prac_fixation_jitter.stopped,target_prac.started,target_prac.stopped,key_resp_prac.keys,key_resp_prac.rt,key_resp_prac.started,key_resp_prac.stopped,feedback_screen_prac.started,feedback_screen_prac.stopped,image.started,image.stopped,participant,session,date,expName,psychopyVersion,frameRate,
,,,,12.735919934999401,None,space,137.8962162769967,12.735919934999401,None,,,,,,,,,,,,,HMS,001,2021_Feb_11_1606,PVT,2020.2.10,59.13292924567126,
0,0,0,0,,,,,,,150.67402857900015,None,None,None,space,2.375098139000329,150.67402857900015,None,153.08767475499917,None,155.09573635299967,None,HMS,001,2021_Feb_11_1606,PVT,2020.2.10,59.13292924567126,
1,0,1,0,,,,,,,155.59490057900257,158.39630092900188,158.3790435810006,None,space,6.687328060001164,155.59490057900257,None,None,None,162.31151044900253,None,HMS,001,2021_Feb_11_1606,PVT,2020.2.10,59.13292924567126,
2,0,2,0,,,,,,,162.81404908900004,165.61165546700067,165.59760233400084,None,space,5.239912272998481,162.81404908900004,None,None,None,168.07963999300046,None,HMS,001,2021_Feb_11_1606,PVT,2020.2.10,59.13292924567126,
3,0,3,0,,,,,,,168.57862665300127,171.37960500400004,171.36226423500193,None,space,8.696628105000855,168.57862665300127,None,None,None,177.29519189300117,None,HMS,001,2021_Feb_11_1606,PVT,2020.2.10,59.13292924567126,
4,0,4,0,,,,,,,177.79535918799957,180.59553980499913,180.57876012400084,None,space,11.583911883997644,177.79535918799957,None,None,None,189.41270302600242,None,HMS,001,2021_Feb_11_1606,PVT,2020.2.10,59.13292924567126,
